psmiles,value
*OC(=O)c1cc(ccc1)C(=O)OCCCCCCCCCC*,1.034
*C(C*)C(=O)OC(C)C,1.13
*O[Si](*)(C)C,0.963398
*NC(=O)C(C*)(C)C,1.189
*c1cc2c(C(=O)N(C2=O)c2ccc(cc2)C(=O)Nc2ccc(cc2)Oc2ccc(cc2)NC(=O)*)cc1,1.37
*c1cc2c(C(=O)N(C2=O)c2c(cc(cc2C)Cc2cc(c(c(c2)C(C)C)N2C(=O)c3c(C2=O)cc(cc3)C(*)(C(F)(F)F)C(F)(F)F)C)C(C)C)cc1,1.27
*Oc1ccc(cc1)S(=O)(=O)c1ccc(cc1)*,1.362976923
*OC(=O)CCCCCN(c1ccc(cc1)N=Nc1ccc(cc1)S(=O)(=O)CCCCCC*)C,1.18
*C(CC(C*)c1ccc(cc1)CCl)(C#N)C#N,1.18
*NC(=O)CCCCCCCCC(=O)NCCCCCC*,1.085142857
*c1c(cc(cc1)C#Cc1c(cc(c(c1)OCCOCCOC)C#C*)OCCOCCOC)[N+](=O)[O-],1.138
*Oc1ccc(cc1)C1(c2ccccc2-c2ccccc12)c1ccc(cc1)OC(=O)c1cc(ccc1)C(=O)*,1.211
*OC(COC(=O)*)C,1.26
*c1nc(nc(n1)Oc1cc2c(cc1)cc(cc2)C(=O)Oc1c2C(=O)c3c(C(=O)c2c(cc1)OC(=O)c1cc2c(cc1)cc(cc2)O*)cccc3)N1CCN(CC1)C,1.184
*c1nc(nc(n1)Oc1c2c(ccc1C(=O)OCCOCCOC(=O)c1c(c3c(cc1)cccc3)O*)cccc2)N1CCCCC1,1.124
*C(=CCCC*)c1ccc(cc1)Cl,1.173
*N1C(=O)c2c(C1=O)cc(cc2)c1cc2c(C(=O)N(C2=O)c2cc(c(c(c2)C(=O)OCCCCCCCCCCCCCCCC)c2c(cc(cc2Br)*)C(=O)OCCCCCCCCCCCCCCCC)Br)cc1,1.18
*c1cc2c(C(=O)N(C2=O)c2c(cc(cc2C)c2cc(c(c(c2)C)N2C(=O)c3c(C2=O)cc(cc3)C(=O)*)C)C)cc1,1.272
*NC(=O)c1cc2c(C(CC2(c2ccc(cc2)C(=O)NCCCCCC*)C)(C)C)cc1,1.121
*C(C*)C(=O)SCC(C)C,1.299
*NC(C(=O)*)CCC(=O)OCc1ccccc1,1.276875
*N1C(=O)c2c(C1=O)c(ccc2)c1cc2c(C(=O)N(C2=O)c2ccc(cc2)Oc2ccc(cc2)*)cc1,1.332
*N(C(=O)*)CCCC,1.1
*N1C(=O)c2c(C1=O)cc(cc2)c1cc2c(C(=O)N(C2=O)c2ccc(cc2)*)cc1,1.452344167
*Oc1ccc(cc1)C(c1ccc(cc1)OC(=O)*)C(C)C,1.18
*c1cc2c(C(=O)N(C2=O)c2ccc(cc2)c2ccc(cc2)c2ccc(cc2)N2C(=O)c3c(C2=O)cc(cc3)C(=O)*)cc1,1.40379
*C(C(CC*)c1ccccc1)c1ccccc1,0.997
*c1nc(nc(n1)Oc1c2c(ccc1C(=O)Oc1c(cccc1)OC(=O)c1c(c3c(cc1)cccc3)O*)cccc2)N1CCCCC1,1.2
*NC(C(=O)NCCCCC(=O)*)C,1.08
*c1cc2c(C(=O)N(C2=O)c2cc(c(c(c2)C)c2c(cc(cc2C)N2C(=O)c3c(C2=O)cc(cc3)C(*)(C(F)(F)F)C(F)(F)F)C)C)cc1,1.355
*C1CCN(CC1)c1sc(cc1)C=CC1=CC(=C(C#N)C#N)C=C(O1)C=Cc1sc(cc1)N1CCC(CC1)OC(=O)Nc1c(ccc(c1)NC(=O)O*)C,1.28
*C(CC(C*)(c1ccc(cc1)OC(=O)CC)OC(=O)C)(C#N)C#N,1.21
*N1C(=O)c2c(C1=O)cc(cc2)Oc1cc2c(C(=O)N(C2=O)CCCCCCCC*)cc1,1.335
*OC(=O)OCC(=C)COCC(=C)C*,1.332
*c1cc2c(C(=O)N(C2=O)c2ccc(cc2)NC(=O)*)cc1,1.46
*c1cc2c(C(=O)N(C2=O)c2cc(ccc2)C(c2cc(ccc2)N2C(=O)c3c(C2=O)cc(cc3)C(*)(C(F)(F)F)C(F)(F)F)(C(F)(F)F)C(F)(F)F)cc1,1.463
*C1C2C(C(=O)N(C2=O)CCCC)C(C1)C=C*,1.15
*SC(C*)COCC=C,1.117
*OC(C*)(C)C,1.0865
*c1cc2c(C(=O)N(C2=O)c2ccc(cc2)Oc2ccc(cc2)c2ccc(cc2)Oc2ccc(cc2)N2C(=O)c3c(C2=O)cc(cc3)C(=O)*)cc1,1.38022
*C1OC(C(C(C1O)O)O)OC*,0.98
*C1CC(CC1)C*,1.076
*c1nc(nc(n1)Oc1cc2c(cc1)cc(cc2)C(=O)Oc1c(cccc1)OC(=O)c1cc2c(cc1)cc(cc2)O*)N1CCN(CC1)C,1.191
*C(C*)c1ccc(cc1)OC,1.0635
*c1cc2c(C(=O)N(C2=O)c2c(cccc2)C(=O)OCCOC(=O)*)cc1,1.14
*n1c(=O)c2cc3c(cc2c1=O)c(=O)n(c3=O)c1cc2Cc3c(-c2cc1)ccc(c3)*,1.46373
*C(=C(F)F)C(*)(F)F,1.99
*c1cc2c(C(=O)N(C2=O)c2ccc(cc2)C(=O)Nc2cc(ccc2)C=CC(=O)C=Cc2cc(ccc2)NC(=O)*)cc1,1.24
*NC(=O)CCCCC(=O)NCCCCCCCCCCC*,1.066
*OC(=O)C*,1.583142857
*NC(C(=O)*)CCC(=O)OCCCCCCCC,1.05
*C(C*)C(=O)OCCCCCCCCCCCCCCCCCC,0.9754
*c1cc2c(C(=O)N(C2=O)c2c(cc(cc2C(C)C)Cc2cc(c(c(c2)C(C)C)N2C(=O)c3c(C2=O)cc(cc3)C(*)(C(F)(F)F)C(F)(F)F)C(C)C)C(C)C)cc1,1.2
*Oc1c(cc(c(c1)C(=O)c1ccccc1)Oc1ccc(cc1)*)C(=O)c1ccccc1,1.2864
*NC(=O)CCCCCCCCC(=O)NCCCC*,1.1045
*NC(=O)CCCCCCCCCCC(=O)NCCCCCCCCCCCC*,1.02325
*c1cc2c(C(=O)N(C2=O)c2ccc(cc2)c2cc(c(cc2)Oc2cc3c(C(CC3(c3ccc(cc3)Oc3c(cc(cc3)c3ccc(cc3)N3C(=O)c4c(C3=O)cc(cc4)C(=O)*)C(F)(F)F)C)(C)C)cc2)C(F)(F)F)cc1,1.15
*C(C*)(C(=O)OCCCC)Cl,1.24
*N1C(=O)c2c(C1=O)cc(cc2)c1cc2c(C(=O)N(C2=O)c2cc(c(c(c2)C(=O)OCCCC)c2c(cc(cc2Br)*)C(=O)OCCCC)Br)cc1,1.387
*C1CC2CC(CC(C1)O2)OC(=O)OCCOC(=O)NC(=O)NNC(=O)NC(=O)OCCOC(=O)O*,1.21
*n1c(=O)c2cc3c(cc2c1=O)c(=O)n(c3=O)c1cc(ccc1)Oc1ccc(cc1)*,1.448666667
*c1cc2c(C(=O)N(C2=O)c2ccc(cc2)Cc2ccc(cc2)N2C(=O)c3c(C2=O)cc(cc3)C(=O)*)cc1,1.338862857
*Oc1ccc(cc1)S(=O)(=O)c1ccc(cc1)Oc1ccc(cc1)C(=O)c1ccc(cc1)*,1.317
*SCCCCC(=O)NCc1ccc(cc1)CNC(=O)CCCC*,1.2005
*NC(=O)CCCCCCCC(=O)NCCCCCCCCC*,1.051
*NC(=O)CCCCCCCCCCCCCCCCC(=O)NCc1ccc(cc1)C*,1.075
*N1C(=O)c2c(C1=O)cc(cc2)Oc1ccc(cc1)C(c1ccc(cc1)Oc1cc2c(C(=O)N(C2=O)c2ccc(cc2)c2cc(c(cc2)Oc2cc3c(C(CC3(c3ccc(cc3)Oc3c(cc(cc3)c3ccc(cc3)*)C(F)(F)F)C)(C)C)cc2)C(F)(F)F)cc1)(C)C,1.12
*c1ncc(nc1)C1C(C(C1c1ccccc1)*)c1ccccc1,1.257
*C1(c2c(C(=O)O1)cccc2)c1ccc(cc1)OC(=O)c1c(cccc1)C=Cc1ccc(cc1)C=Cc1c(cccc1)C(=O)Oc1ccc(cc1)*,1.196
*Oc1ccc(cc1)C(c1ccc(cc1)Oc1c(c(c(c(c1F)F)COC(c1cc(ccc1)C(OCc1c(c(c(c(c1F)F)*)F)F)(C(F)(F)F)C(F)(F)F)(C(F)(F)F)C(F)(F)F)F)F)(C)C,1.535
*OCC(C*)(CO)C,1.144
*SCCCCCCCCCCC(=O)NCc1ccc(cc1)CNC(=O)CCCCCCCCCC*,1.094
*Oc1ccc(cc1)C(c1ccc(cc1)Oc1ccc(cc1)C(=O)c1ccc(cc1)C(c1ccc(cc1)C(=O)c1ccc(cc1)*)(C(F)(F)F)C(F)(F)F)(C)C,1.284
*OC(=O)C(C*)(CC)C,1.078571429
*OC(=O)CCCCC(=O)OCCCCCC(=O)Nc1ccc(cc1)NC(=O)CCCCC*,1.12
*c1cc2c(C(=O)N(C2=O)c2ccc(cc2)Oc2ccc(cc2)C(c2ccc(cc2)Oc2ccc(cc2)N2C(=O)c3c(C2=O)cc(cc3)C(=O)*)(C(F)(F)F)C(F)(F)F)cc1,1.391816667
*n1c(=O)c2cc3c(cc2c1=O)c(=O)n(c3=O)c1cc(c(cc1)c1c(cc(cc1)*)C)C,1.34
*O[Si](*)(CCCOc1ccc(cc1)C(=O)OC1CC2=CCC3C(CCC4(C(CCC34)C(CCCC(C)C)C)C)C2(CC1)C)C,1.24
*OC(=O)CCC(=O)OCCCC*,1.284376471
*N1C(=O)c2c(C1=O)cc(cc2)c1cc2c(C(=O)N(C2=O)c2ccc(cc2)Sc2ccc(cc2)*)cc1,1.36821
*C(C*)(C(=O)OCc1c(c(ccc1)Cl)Cl)C,1.451
*N1C(=O)c2c(C1=O)cc(cc2)C(c1cc2c(C(=O)N(C2=O)CCCCCC*)cc1)(C(F)(F)F)C(F)(F)F,1.424
*C(C*)C1CC(CCC1)C,0.9237
*C1(OC(C(O1)(F)C(F)(F)F)(F)F)C(*)(F)F,2.04
*N1C(=O)c2c(C1=O)cc(cc2)Oc1ccc(cc1)Oc1cc2c(C(=O)N(C2=O)c2c(cc(cc2)c2cc(c(cc2)*)OC)OC)cc1,1.29
*OC(=O)C(C*)(CC)CC,1.115
*NC(C(=O)*)CC(=O)OCc1ccc(cc1)Cl,1.405
*C(C*)(C(=O)Oc1ccc(cc1)C=Cc1ccccc1)C,1.283
*OC(=O)CCCCC(=O)OCCCCCC(=O)NCCNC(=O)CCCCC*,1.1755
*N1C(=O)c2c(C1=O)cc(cc2)c1cc2c(C(=O)N(C2=O)c2c(ccc(c2)*)C)cc1,1.38803
*Oc1cc(c(cc1)N=Cc1ccc(cc1)C=Nc1c(cc(cc1)OCCCCCCCCCC*)C)C,1.144
*c1nc(nc(n1)Oc1c(cccc1)C(=O)Oc1c2C(=O)c3c(C(=O)c2ccc1)cccc3OC(=O)c1c(cccc1)O*)N(CC)c1ccccc1,1.174
*N(C(=O)*)CCCCCC,1
*NC(=O)CCCCCCCCC(=O)NCc1ccc(cc1)C*,1.157666667
*C(C*)C(=O)SCCC,1.346
*NC(=O)C(C(=O)NCCCCC*)CCCCCCCCCCCC,0.996
*Oc1cc(c(cc1)NC(=O)c1c(cc(cc1)C(c1cc(c(cc1)C(=O)O)C(=O)Nc1c(ccc(c1)*)N)(C(F)(F)F)C(F)(F)F)C(=O)O)N,1.413
*Oc1ccc(cc1)NC(=O)c1cc(ccc1)C(=O)Nc1ccc(cc1)Oc1ccc(cc1)C(c1ccc(cc1)*)(C(F)(F)F)C(F)(F)F,1.63
*N1C(=O)c2c(C1=O)cc(cc2)Oc1ccc(cc1)S(=O)(=O)c1ccc(cc1)Oc1cc2c(C(=O)N(C2=O)c2cc(ccc2)S(=O)(=O)c2cc(ccc2)*)cc1,1.37
*OC(=O)CCCCCCCCC(=O)OCC*,1.16104
*NC(C(=O)*)CCC(=O)NCCO,1.3
*C1(c2c(C(=O)O1)cccc2)c1ccc(cc1)C(=O)Nc1ccc(cc1)NC(=O)c1ccc(cc1)*,1.3
*O[Si](*)(c1ccc(cc1)C)c1ccccc1,1.24
*Oc1ccc(cc1)c1ccc(cc1)OC(=O)c1cc(ccc1)C(=O)*,1.39
*OC(C*)COCCCCCC,0.966
*SCCCCCCC(=O)NCCc1ccc(cc1)CCNC(=O)CCCCCC*,1.132
*C[Se]*,2.9395
*NC(=O)Cc1ccc(cc1)CC(=O)NCCCCCCCC*,1.152
*c1cc2c(C(=O)N(C2=O)c2cc(ccc2)S(=O)(=O)c2cc(ccc2)N2C(=O)c3c(C2=O)cc(cc3)C(*)(C(F)(F)F)C(F)(F)F)cc1,1.48075
*NC(=O)CCCCCCCCCCCCCCCCC(=O)NCCCCCCCC*,1.03
*OC(CC(=O)*)C(C)C,1.21
*Oc1c(cc(cc1C)C(c1cc(c(c(c1)C)OCC(COc1ccc(cc1)C(c1ccc(cc1)OCC(C*)O)(C)C)O)C)(C)C)C,1.154
*OC(*)CCC,1
*Oc1c(cc(cc1C)c1cc(c(c(c1)C)Oc1ccc(cc1)C(=O)c1ccc(cc1)*)C)C,1.136
*c1nc2c([nH]1)ccc(c2)c1ccc2c(nc([nH]2)c2ccc3sc4c(c3c2)cc(cc4)*)c1,1.218
*N1C(=O)c2c(C1=O)cc(cc2)c1cc2c(C(=O)N(C2=O)c2ccc(cc2)Oc2c(cc(cc2C)C(c2cc(c(c(c2)C)Oc2ccc(cc2)*)C)c2c3c(ccc2)cccc3)C)cc1,1.243
*Oc1ccc(cc1)S(=O)(=O)c1ccc(cc1)Oc1c(cc(cc1C)Cc1cc(c(c(c1)C)*)C)C,1.184
*C(C*)C(=O)NC(C)C,1.1145
*C(C*)(CC(=O)OCCCc1ccccc1)C(=O)OCCCc1ccccc1,1.155
*NC(C(=O)*)CCC(=O)OCC,1.225
*Oc1c(cc(cc1C)S(=O)(=O)c1cc(c(c(c1)C)OCC(C*)O)C)C,1.274
*c1cc2c(C(=O)N(C2=O)c2ccc(cc2)Oc2c(cc(cc2C)C(c2cc(c(c(c2)C)Oc2ccc(cc2)N2C(=O)c3c(C2=O)cc(cc3)C(=O)*)C)c2c3c(ccc2)cccc3)C)cc1,1.2382
*Oc1ccc(cc1)S(=O)(=O)c1ccc(cc1)Oc1ccc(cc1)C(=O)c1cc(ccc1)C(=O)c1ccc(cc1)*,1.32
*c1oc(nn1)c1ccc(cc1)*,1.54
*N1C(=O)c2c(C1=O)cc(cc2)Oc1cc2c(C(=O)N(C2=O)CCCCCCCCC*)cc1,1.27
*NC(C(=O)NC(C(=O)NC(C(=O)NC(C(=O)*)C(C)C)C(C)C)C)C,1.26
*c1cc2c(C(=O)N(C2=O)c2c(c3c(C(CC3)(C)C)c(c2C)N2C(=O)c3c(C2=O)cc(cc3)C(*)(C(F)(F)F)C(F)(F)F)C)cc1,1.3263
*C(C*)CC(CC)CC,0.86
*Oc1c(c(c(c(c1F)F)COC(c1cc(ccc1)C(OCc1c(c(c(c(c1F)F)Oc1ccc(cc1)Cc1ccc(cc1)*)F)F)(C(F)(F)F)C(F)(F)F)(C(F)(F)F)C(F)(F)F)F)F,1.548
*Sc1ccc(cc1)Cc1ccc(cc1)SC(=O)*,1.238
*NC(C(=O)NCCC(=O)*)C,1.27
*c1sc(cc1CCCCCCCC)*,1.063333333
*Oc1c(cc(cc1)C(c1cc(c(cc1)OC(=O)c1ccc(cc1)C(=O)*)C)(C)C)C,1.167
*OCC(C*)(CCl)CCl,1.43
*C(C*)C(=O)N,1.21
*OCCCCC(=O)NCc1ccc(cc1)CNC(=O)CCCC*,1.178
*Oc1ccc(cc1)C(c1ccc(cc1)OC(=O)*)(c1ccccc1)c1ccccc1,1.27
*NC(=O)CCCCCCCCCCCCCCC(=O)NCCc1ccc(cc1)CC*,1.077
*N1C(=O)c2c(C1=O)cc(cc2)Oc1cc2c(C(CC32CC(c2ccc(cc32)Oc2cc3c(C(=O)N(C3=O)c3cc(ccc3)*)cc2)(C)C)(C)C)cc1,1.22
*C1OC(OC(C1)C*)CCC,1.12625
*NC(C(=O)*)CCCCNC(=O)OCc1ccccc1,1.253333333
*N1C(=O)c2c(C1=O)cc(cc2)S(=O)(=O)c1cc2c(C(=O)N(C2=O)c2ccc(cc2)Oc2ccc(cc2)*)cc1,1.407
*NC(=O)CCCCCCCCCCCCCCCCCCCCC(=O)NCCCCCCCC*,1.021
*NC(CC(=O)*)C(=O)OCC,1.26
*/C=C/CCC*,1.0495
*C(C*)C1CCC(CC1)C,0.9249
*C1(c2c(C(=O)O1)cccc2)c1c(cc(c(c1)C(C)C)Oc1ccc(cc1)S(=O)(=O)c1ccc(cc1)Oc1c(cc(c(c1)C)*)C(C)C)C,1.172
*NC(=O)CCCCC(=O)NCCCP(CCC*)CCCCCCCC,1.08
*Oc1ccc(cc1)NC(=O)c1cc(ccc1)C(=O)Nc1ccc(cc1)*,1.26
*C(CC(C*)c1ccc(cc1)F)(C#N)C#N,1.2
*Nc1ccc(cc1)C(=O)*,1.498
*OC*,1.423151316
*c1cc2c(C(=O)N(C2=O)c2ccc(cc2)C(=O)Nc2ccc(cc2)S(=O)(=O)c2ccc(cc2)NC(=O)*)cc1,1.244666667
*Oc1c2c(c(cc1)C(=O)c1ccc(cc1)Oc1ccc(cc1)C1(c3ccccc3-c3ccccc13)c1ccc(cc1)*)cccc2,1.356
*OC(=O)c1ccc(cc1)C(=O)OCc1ccc(cc1)C*,1.4
*C(CC(C*)c1ccc(cc1)Cl)(C#N)C#N,1.215
*n1c(=O)c2cc3c(cc2c1=O)c(=O)n(c3=O)c1ccc(cc1)Oc1ccc(cc1)*,1.423585
*=C=C=C(C(=*)COC(=O)Nc1ccccc1)COC(=O)Nc1ccccc1,1.37
*N1C(=O)c2c(C1=O)c(ccc2)c1cc2c(C(=O)N(C2=O)c2ccc(cc2)*)cc1,1.3665
*N(CC*)C(=O)c1ccc(cc1)C,1.16
*C(C*)C(=O)N(c1cc(ccc1)Cl)O,1.41
*O[Si](CCC(C(C(C(CC[Si](*)(CCC(F)(F)F)C)(F)F)(F)F)(F)F)(F)F)(CCC(F)(F)F)C,1.54
*NC(=O)CCCCCCCCCCC(=O)NCCCCCC*,1.06
*C(C*)O,1.2820625
*C(C*)(C(=O)OCc1ccccc1)C,1.1875
*c1cc2c(C(=O)N(C2=O)c2c(cc(cc2C)Cc2cc(c(c(c2)C)N2C(=O)c3c(C2=O)cc(cc3)C(*)(C(F)(F)F)C(F)(F)F)C)C)cc1,1.4
*n1c(=O)c2cc3c(cc2c1=O)c(=O)n(c3=O)c1ccc(cc1)Oc1c(cc(cc1C)Cc1cc(c(c(c1)C)Oc1ccc(cc1)*)C)C,1.3503
*n1c(=O)c2cc3c(cc2c1=O)c(=O)n(c3=O)c1ccc(cc1)Oc1ccc(cc1)c1ccc(cc1)Oc1ccc(cc1)*,1.37205
*NC(=O)CCCCCCCCCCC*,1.013809375
*Oc1ccc(cc1)Oc1ccc(cc1)Oc1ccc(cc1)S(=O)(=O)c1ccc(cc1)*,1.33
*C1(c2c(C(=O)O1)cccc2)c1ccc(cc1)Oc1ccc(cc1)S(=O)(=O)c1ccc(cc1)Oc1ccc(cc1)*,1.307
*C(C*)(C(=O)OCCCCCCCCCCCCCCCCCC)C,0.9686
*SCC*,1.3415
*C1CC2CC(CC(C1)O2)OC(=O)OCCOC(=O)c1ccc(cc1)C(=O)OCCOC(=O)O*,1.18
*Oc1cc(c(cc1)C(c1c(cc(cc1)OC(=O)*)C)c1ccccc1)C,1.26
*Oc1c(c(c(c(c1)C)*)C)Br,1.505
*NC(=O)CCCCCC(=O)NCCCCCCC*,1.0735
*OC(=O)CCC(=O)OCC(C*)(C)C,1.17
*NC(=O)CCCCCCCC(=O)NCCCCCCCCCC*,0.9867
*c1cc2c(C(=O)N(C2=O)c2cc(c(cc2)Oc2ccc(cc2)C(c2ccc(cc2)Oc2c(cc(cc2)N2C(=O)c3c(C2=O)cc(cc3)C(*)(C(F)(F)F)C(F)(F)F)C(F)(F)F)(C(F)(F)F)C(F)(F)F)C(F)(F)F)cc1,1.484
*N1C(=O)c2c(C1=O)cc(cc2)c1cc2c(C(=O)N(C2=O)c2c(cc(cc2)c2cc(c(cc2)*)C)C)cc1,1.36424
*c1cc2c(cc1)cc(cc2)C1C(C(C1C(=O)Oc1c(cc(cc1)Cl)Cl)*)C(=O)Oc1c(cc(cc1)Cl)Cl,1.397
*=C=C=C(C(=*)CCOS(=O)(=O)c1ccc(cc1)C)CCOS(=O)(=O)c1ccc(cc1)C,1.39
*Nc1ccc(cc1)NC(=O)c1ccc(cc1)C(=O)*,1.4559375
*N1C(=O)c2c(C1=O)cc(cc2)Oc1ccc(cc1)Oc1cc2c(C(=O)N(C2=O)c2c(c(c(cc2)Cc2c(c(c(cc2)*)C)C)C)C)cc1,1.266
*C(C*)(c1cc2c(cc1)cccc2)C,1.105
*C1(c2c(C(=O)O1)cccc2)c1cc(c(cc1)Oc1ccc(cc1)S(=O)(=O)c1ccc(cc1)Oc1c(cc(cc1)*)C)C,1.291
*C(C*)(C(=O)OCCOC)C,1.19
*C1C(=O)N(C(=O)C1C(C*)c1ccccc1)CCCCCCCCCCCC,1.055
*C(C*)C(=O)N(c1cc(ccc1)C)O,1.4
*n1c(=O)c2cc3c(cc2c1=O)c(=O)n(c3=O)c1ccc(cc1)NC(=O)c1ccc(cc1)C(=O)Nc1ccc(cc1)*,1.54
*n1c(=O)c2cc3c(cc2c1=O)c(=O)n(c3=O)c1ccc(cc1)Oc1cc(ccc1)Oc1ccc(cc1)*,1.51
*SC(C*)C,1.153333333
*C(C*)[Si](C)(C)C,0.863333333
*c1nc(nc(n1)Oc1c(cccc1)C(=O)OCCOC(=O)c1c(cccc1)O*)N(CC)c1ccccc1,1.116
*C(C*)C(=O)OC,1.203166667
*Nc1ccc(cc1)Cc1ccc(cc1)NC(=O)*,1.33
*C1(C(=O)OC(=O)C(C1)(C*)C)C,1.256
*c1nc(nc(n1)Oc1cc2c(cc1)cc(cc2)C(=O)Oc1ccc(cc1)C1(c2c(C(=O)O1)cccc2)c1ccc(cc1)OC(=O)c1cc2c(cc1)cc(cc2)O*)N1CCN(CC1)C,1.204
*NC(CCC(=O)*)C(=O)OCc1ccccc1,1.225
*Nc1ccc(cc1)c1ccc(cc1)NC(=O)c1cc(ccc1)C(=O)*,1.52
*Nc1ccc(cc1)C1(c2ccccc2-c2ccccc12)c1ccc(cc1)NC(=O)c1cc(ccc1)C(=O)*,1.2422
*NC(=O)CCCCCCCCC(=O)NCCCCCCC*,1.082
*Oc1ccc(cc1)C(=O)c1ccc(cc1)C(=O)c1ccc(cc1)*,1.395
*C(C*)(CC(=O)OCCc1ccccc1)C(=O)OCCc1ccccc1,1.186
*O[Si](*)(c1ccccc1)c1ccccc1,1.22
*N1CCN(CC1)C(=O)CCCCCCCCC(=O)N1CCN(CC1)CCCCCCCCCC*,0.9709
*C(C*)CC[Si](C)(C)C,0.907
*c1cc2c(C(=O)N(C2=O)c2ccc(cc2)Oc2ccc(cc2)N2C(=O)c3c(C2=O)cc(cc3)C(*)(C(F)(F)F)C(F)(F)F)cc1,1.429363636
*N1CCN(CC1)C(=O)CCCCCCCCC(=O)*,0.9261
*OC(=O)CCCCC(=O)OCCNC(=O)CCCCC*,1.155
*c1ccc(cc1)CC*,1.141
*C(C*)C1C(CCCC1)C,0.9402
*NC(=O)CCCCCCCCC(=O)NCCCCCCCC*,1.07255
*C(C(*)(F)F)(Cl)F,2.118009524
*OC(C(=O)*)C,1.258088889
*C(C*)OCCCCCCCC,0.9035
*NC(=O)Cc1ccc(cc1)CC(=O)NCCCCCCCCCCCC*,1.095
*NC(=O)CCCCC(=O)NC*,1.33
*C(CC(C*)c1ccc(cc1)OC(=O)C)(C#N)C#N,1.21
*N1C(=O)c2c(C1=O)cc(cc2)Oc1cc2c(C(=O)N(C2=O)c2ccc(cc2)c2ccc(cc2)*)cc1,1.354
*C1=CC(=C(C#N)C#N)C=C(O1)C=Cc1ccc(cc1)N=Nc1ccc(cc1)N(CCOC(=O)Nc1c(ccc(c1)NC(=O)OCCN(c1ccc(cc1)N=Nc1ccc(cc1)C=C*)C)C)C,1.27
*C1C(C2CC(C1C2)*)CCCCCC,0.954
*Oc1ccc(cc1)C(c1ccc(cc1)OC(=O)c1cc(ccc1)C(=O)*)(c1ccccc1)c1ccccc1,1.221
*Oc1ccc(cc1)C1(c2ccccc2C(=O)c2ccccc12)c1ccc(cc1)OC(=O)c1cc(ccc1)C(=O)*,1.267
*c1cc2c(C(=O)N(C2=O)c2ccc(cc2)OCCOCCOc2ccc(cc2)N2C(=O)c3c(C2=O)cc(cc3)C(*)(C(F)(F)F)C(F)(F)F)cc1,1.4176
*O[Si](CCC(C(C(C(C(C(CC[Si](*)(CCC(F)(F)F)C)(F)F)(F)F)(F)F)(F)F)(F)F)(F)F)(CCC(F)(F)F)C,1.59
*NC(=O)CCCCC(=O)NCCCP(=O)(CCC*)C,1.2
*C(CC(C*)(c1ccc(cc1)OC(=O)OC)OC(=O)C)(C#N)C#N,1.23
*c1sc(cc1OCCCCCCCCCCCC)C=C*,1.17
*Nc1c2c(ccc1)c(ccc2)NC(=O)c1ccc(cc1)C(=O)*,1.38
*C(C*)(CC(=O)OCC1CCCCC1)C(=O)OCC1CCCCC1,1.126
*C(C*)C1CC=CCC1,1.128
*N1C(=O)c2c(C1=O)cc(cc2)Oc1cc2c(C(=O)N(C2=O)c2ccc(cc2)NC(=O)c2cc(ccc2)C(=O)Nc2ccc(cc2)*)cc1,1.41
*C(C*)(CC(=O)Oc1c(cccc1)C)C(=O)Oc1c(cccc1)C,1.135
*NC(=O)CCCCC(=O)NCC1CC(CCC1)C*,1.13945
*n1c(=O)c2cc3c(cc2c1=O)c(=O)n(c3=O)c1cc(ccc1)Oc1ccc(cc1)C(c1ccc(cc1)Oc1cc(ccc1)*)(C(F)(F)F)C(F)(F)F,1.417
*c1cc2c(C(=O)N(C2=O)c2ccc(cc2)Oc2ccc(cc2)C(c2ccc(cc2)Oc2ccc(cc2)N2C(=O)c3c(C2=O)cc(cc3)C(*)(C(F)(F)F)C(F)(F)F)(C)C)cc1,1.3425
*c1cc2-c3n(c4ccc(cc4n3)Oc3cc4n5c(-c6ccc(cc6C5=O)C(*)(C(F)(F)F)C(F)(F)F)nc4cc3)C(=O)c2cc1,1.408
*SCCCCC*,1.213
*C(C*)c1ccc(cc1)B(O[Si](C)(C)C)O[Si](C)(C)C,0.9748
*c1cc2c(C(=O)N(C2=O)c2c(cc(c(c2C)N2C(=O)c3c(C2=O)cc(cc3)C(=O)*)C)C)cc1,1.284666667
*c1cc2c(C(=O)N(C2=O)c2ccc(cc2)c2cc(c(cc2)Oc2cc3c(C(CC3(c3ccc(cc3)Oc3c(cc(cc3)c3ccc(cc3)N3C(=O)c4c(C3=O)cc(cc4)C(*)(C(F)(F)F)C(F)(F)F)C(F)(F)F)C)(C)C)cc2)C(F)(F)F)cc1,1.17
*NC(=O)CC(=O)NCCCC*,1.324
*C(C*)(C(=O)OCC(=O)c1ccccc1)C,1.35
*OC(=O)c1ccc(cc1)C(=O)OCCCC*,1.299920513
*C1C(CC1)*,1.0475
*NC(C(=O)*)CCC(=O)OCCCCCCCCCC,1.03
*c1nc(nc(n1)Oc1c2c(ccc1C(=O)Oc1ccc(cc1)OC(=O)c1c(c3c(cc1)cccc3)O*)cccc2)N1CCCCC1,1.185
*n1c(=O)c2cc3c(cc2c1=O)c(=O)n(c3=O)c1cc(ccc1)*,1.431085
*O[Si](*)(CCC)CCC,1.015
*c1cc2c(C(=O)N(C2=O)c2ccc(cc2)OC(COc2ccc(cc2)N2C(=O)c3c(C2=O)cc(cc3)C(*)(C(F)(F)F)C(F)(F)F)CCC)cc1,1.3695
*C(C*)CCCN(CC(C)C)CC(C)C,0.867
*N1C(=O)c2c(C1=O)cc(cc2)c1cc2c(C(=O)N(C2=O)c2cc(c(c(c2)C(=O)OCCCCCCCCCCCC)c2c(cc(cc2Br)*)C(=O)OCCCCCCCCCCCC)Br)cc1,1.245
*Oc1ccc(cc1)OC(=O)c1ccc(cc1)NC(=O)c1ccc(cc1)C(=O)*,1.26
*C1CC2CC(CC(C1)O2)OC(=O)Oc1cc(ccc1)OC(=O)O*,1.273
*C(C*)C1CCC(CC1)C(C)(C)C,0.914
*=C=C=C(C(=*)Cn1c2ccccc2c2ccccc12)Cn1c2ccccc2c2ccccc12,1.305
*NC(=O)CCCC(=O)NCCCCC*,1.1735
*N1C(=O)c2c(C1=O)cc(cc2)Oc1ccc(cc1)Sc1ccc(cc1)Oc1cc2c(C(=O)N(C2=O)c2cc(ccc2)S(=O)(=O)c2cc(ccc2)*)cc1,1.38
*OC(C(*)([2H])[2H])([2H])[2H],1.227
*Oc1ccc(cc1)C1(CC(CC(C1)C)(C)C)c1ccc(cc1)OC(=O)*,1.107
*Oc1c(cc(cc1)C(c1cc(c(cc1)OC(=O)*)Cl)(C)C)Cl,1.24845
*OC(=O)c1cc(ccc1)C(=O)OCCCCCCCCCCCC*,1.008
*c1sc(c(c1OCCCCCCCCCCCC)OCCCCCCCCCCCC)C=C*,1.28
*C(C*)c1cc2c(cc1)cccc2,1.108
*C1C2C(C(C1)CC*)C1C(CC2C1)CC,1.01
*C(C*)C(CC)CC,0.89
*Oc1cc(c(cc1)CCc1ccc(cc1)OCCCCCCCCC*)C,1.3
*N1C(=O)c2c(C1=O)cc(cc2)C(=O)Nc1ccc(cc1)C1(c2ccccc2-c2ccccc12)c1ccc(cc1)NC(=O)C*,1.2581
*NC(=O)C(C(C(=O)NCCCC*)OC)OC,1.26
*OC(*)C(Cl)(Cl)Cl,2.012
*C(C(CC*)(F)F)(Cl)F,1.7
*c1cc2c(C(=O)N(C2=O)c2ccc(cc2)C(=O)NCCCCCCNC(=O)*)cc1,1.165
*C1C(=O)N(C(=O)C1*)Nc1ccccc1,0.8102
*C(C*)(C(=O)OC12CC3(CC(CC(C1)C3)(C2)C)C)C,1.044
*OC(C*)CC,0.968
*N1C(=O)c2c(C1=O)cc(cc2)c1cc2c(C(=O)N(C2=O)c2ccc(cc2)Oc2c(cc(cc2C)Cc2cc(c(c(c2)C)Oc2ccc(cc2)*)C)C)cc1,1.3138
*Oc1ccc(cc1)Cc1ccc(cc1)OC(=O)*,1.26075
*C(C(CCCCCCCC*)Cl)Cl,1.14
*NC(=O)CCC(=O)NCCCCCC*,1.26
*C(C*)S(=O)c1ccccc1,1.382
*c1cc2c(C(=O)N(C2=O)c2ccc(cc2)C(c2ccc(cc2)C(c2ccc(cc2)N2C(=O)c3c(C2=O)cc(cc3)C(*)(C(F)(F)F)C(F)(F)F)(C)C)(C)C)cc1,1.301
*c1cc2c(C(=O)N(C2=O)c2ccc(cc2)C(=O)NC2CCC(CC2)CC2CCC(CC2)NC(=O)*)cc1,1.2075
*OC(=O)Nc1ccc(cc1)CCc1ccc(cc1)NC(=O)OCC*,1.3055
*Oc1c(cc(cc1Cl)C(c1cc(c(c(c1)Cl)OC(=O)*)Cl)(C)C)Cl,1.4075
*NC(C(=O)NCCCC(=O)*)C,1.21
*c1nc(cs1)c1nc(sc1)NCc1c(c(cc(c1)C(=O)O)CN*)N,1.56
*OC(=O)c1ccc(cc1)C(=O)OCCCCCCCCCC*,1.046
*OC(=O)c1ccc(cc1)C(=O)OCCCCC*,1.336
*OC(C*)COCC=C,1.048
*Oc1ccc(cc1)S(=O)(=O)c1ccc(cc1)c1ccc(cc1)S(=O)(=O)c1ccc(cc1)Oc1ccc(cc1)C(c1ccc(cc1)*)(C)C,1.26
*C(C*)(C(=O)OCC[N+](=O)[O-])C,1.354
*C1(c2c(C(=O)O1)cccc2)c1ccc(cc1)C(=O)Nc1ccc(cc1)c1ccc(cc1)NC(=O)c1ccc(cc1)*,1.27
*NC(CC(=O)*)C(=O)OCCCCCCCCCCCC,0.99
*NC(=O)CC(=O)NCCCCC*,1.289
*C(C*)OC(CC)C,0.924
*C1OCC(CO1)OC(=O)CCCCCCC*,1.439
*Oc1c(cc(cc1)C(=O)*)CCCCCCCCCCCCCC,1.155
*NC(C(=O)*)CCCNC(=O)c1ccc(cc1)F,1.24
*OC(C*)CS(=O)(=O)CC,1.361
*Oc1c(cc(cc1C)C(c1cc(c(c(c1)C)OCC(C*)O)C)(C)C)C,1.13
*NC(=O)CCCCCCCCCCC(=O)NCCc1ccc(cc1)CC*,1.108
*OC(=O)NCCCNC(=O)OCCCCCC*,1.25
*C1C(=O)N(C(=O)C1C(C*)c1ccccc1)CCCCCCCCCCCCCC,1.043
*Oc1ccc(cc1)S(=O)(=O)c1ccc(cc1)Oc1ccc(cc1)c1ccc(cc1)*,1.238
*OC(=O)c1ccc(cc1)C(=O)OCCNC(=O)CCCCC*,1.1715
*NC(=O)CCc1ccc(cc1)CCC(=O)NCCCCCCCCCC*,1.12
*Oc1ccc(cc1)S(=O)(=O)c1ccc(cc1)Oc1ccc(cc1)C(c1ccc(cc1)*)(C)C,1.232053333
*C1C2C(C(C1)CC*)C1C(CC2C1)c1ccc(cc1)COC(CC)C,1.01
*S=N*,2.06175
*C(C*)c1ccc(cc1)F,1.047
*C1(c2c(C(=O)O1)cccc2)c1ccc(cc1)NC(=O)c1ccc(cc1)C1(c2c(C(=O)O1)cccc2)c1ccc(cc1)C(=O)Nc1ccc(cc1)*,1.28
*OC(C*)C,1.026444286
*N1C(=O)c2c(C1=O)cc(cc2)Oc1c(cc(c(c1)C(C)(C)C)Oc1cc2c(C(=O)N(C2=O)c2ccc(cc2)Oc2ccc(cc2)c2ccc(cc2)Oc2ccc(cc2)*)cc1)C(C)(C)C,1.18
*c1cc2c(C(=O)N(C2=O)c2ccc(cc2)OC(COc2ccc(cc2)N2C(=O)c3c(C2=O)cc(cc3)C(*)(C(F)(F)F)C(F)(F)F)CCCCCC)cc1,1.3369
*OC1C(C(C1(C)C)*)(C)C,1.05
*NC(C(=O)*)CCNC(=O)OCc1ccccc1,1.185
*C=CCCCCCC*,0.993
*NC(=O)CCCCCCCCCCCCCC(=O)NCCc1ccc(cc1)CC*,1.075
*=C=C=C(C(=*)CCCCOC(=O)NC(C)C)CCCCOC(=O)NC(C)C,1.164
*C(C*)(C(=O)C)C,1.1412
*Oc1ccc(cc1)C(=O)OCCOC(=O)c1ccc(cc1)OCCCC*,1.2973
*Oc1ccc(cc1)C(=O)OC(=O)c1ccc(cc1)OCCCC*,1.266
*NC(=O)CCCCCCCCCCC(=O)NCCCCCCCCCCCCCCCCCC*,1.015
*c1cc2c(C(=O)N(C2=O)c2c(ccc(c2)C(=O)Nc2c(cc(cc2C)c2cc(c(c(c2)C)NC(=O)c2cc(c(cc2)C)N2C(=O)c3c(C2=O)cc(cc3)C(*)(C(F)(F)F)C(F)(F)F)C)C)C)cc1,1.286
*SCCCC*,1.21
*Oc1c(cc(cc1)C(=O)*)CCCCCC,1.155
*c1cc2c(C(=O)N(C2=O)c2c(cc(cc2)c2cc(c(cc2)N2C(=O)c3c(C2=O)cc(cc3)C(*)(C(F)(F)F)C(F)(F)F)O)O)cc1,1.458
*c1ccc2c(nc([nH]2)c2ccc3sc4c(c3c2)cc(cc4)c2nc3c([nH]2)ccc(c3)C*)c1,1.236
*C1CC2CC(CC(C1)O2)OC(=O)Oc1ccc(cc1)OC(=O)O*,1.251
*c1cc2c(C(=O)N(C2=O)c2c(cc(cc2)C2(c3ccccc3-c3ccccc23)c2cc(c(cc2)N2C(=O)c3c(C2=O)cc(cc3)C(*)(C(F)(F)F)C(F)(F)F)F)F)cc1,1.29
*/C=C\CC*,0.939404615
*NC(=O)CCCC(=O)NCCCCCC*,1.26
*c1cc2c(C(=O)N(C2=O)c2ccc(cc2)Oc2ccc(cc2)C(=O)c2cc(ccc2)C(=O)c2ccc(cc2)Oc2ccc(cc2)N2C(=O)c3c(C2=O)cc(cc3)C(=O)*)cc1,1.335
*C(C*)C(=O)N1CCOCC1,1.238
*NC(C(=O)*)CCCCSC,1.26
*C1(CC(C1)*)C#N,1.1
*C(C*)c1ccc(nc1)C,1.103
*SC(C*)CC,1.093
*n1c(=O)c2cc3c(cc2c1=O)c(=O)n(c3=O)c1cc(ccc1)Oc1cc(ccc1)*,1.414
*Oc1cc(c(cc1)S(=O)(=O)c1c(cc(cc1)Oc1c(cc(cc1)C(c1cc(c(cc1)*)[Si](C)(C)C)(C(F)(F)F)C(F)(F)F)[Si](C)(C)C)[Si](C)(C)C)[Si](C)(C)C,1.16
*SCCCCCC*,1.124
*C1C(C2CC(C1C2)*)CCCC,0.985
*C(CCC*)(Cl)C,1.255
*c1n(c(cc1)c1sc(cc1)*)C#Cc1ccc(cc1)CCCCCC,1.23
*c1nc2c(c(c1)c1ccccc1)cc(cc2)Oc1cc2c(nc(cc2c2ccccc2)c2ccc(cc2)Oc2ccc(cc2)*)cc1,1.174
*C(C*)CCCC,0.8486
*C(C*)(C(=O)OCCCCCCOc1ccc(cc1)C(=O)Oc1ccc(cc1)OC)C,1.16
*C1(c2c(C(=O)O1)cccc2)c1ccc(cc1)C(=O)Nc1ccc(cc1)Oc1ccc(cc1)NC(=O)c1ccc(cc1)*,1.287
*Oc1cc2c(cc1)cc(cc2)Oc1ccc(cc1)S(=O)(=O)c1ccc(cc1)*,1.23
*c1cc2c(C(=O)N(C2=O)c2c(cc(cc2)c2cc(c(cc2)N2C(=O)c3c(C2=O)cc(cc3)C(=O)*)C)C)cc1,1.30813
*C(C*)(C(=O)OC1CCCC1)C,1.104
*NC(=O)CCCCCC(=O)NCCCCC*,1.135
*c1cc2c(C(=O)N(C2=O)c2cc(ccc2)C=CC(=O)OCCOC(=O)*)cc1,1.253333333
*NC(=O)C(C(=O)NCCCCCC*)CCCCCCCCCC,1.0003
*Oc1ccc(cc1)Oc1ccc(cc1)C(=O)c1ccc(cc1)C(=O)c1ccc(cc1)*,1.327
*C(C*)(C(=O)OC(C)(C)C)C,1.02075
*c1nc(nc(n1)Oc1cc2c(cc1)cc(cc2)C(=O)Oc1c2C(=O)c3c(C(=O)c2ccc1)cccc3OC(=O)c1cc2c(cc1)cc(cc2)O*)N1CCN(CC1)C,1.188
*N=P(*)(Oc1ccc(cc1)Cl)Oc1ccc(cc1)Cl,1.548
*OC(=O)CCCCC(=O)OCCOCC*,1.1918
*OC(*)CCl,1.804
*Oc1ccc(cc1)C(c1ccc(cc1)OC(=O)*)C,1.22
*NC(=O)C(C(=O)NCCCCCCCC*)CCCCCCCCCCCC,0.996
*OC(=O)c1c(cc(cc1)C(=O)OCCN(CC*)c1ccc(cc1)N=Nc1ccc(cc1)c1nc2c(n1CC)cc(cc2)[N+](=O)[O-])OC,1.31
*N=P(*)(Cl)Cl,2.16
*C1C(C(C(C1)C=C*)(OC(C(C(F)(F)F)(F)F)(F)F)F)(F)F,1.626
*NC(CC(=O)*)C(=O)OCCCCCC,1.066666667
*NC(=O)C(C(=O)NCCCCCC*)CCCCCCCCC,1.008
*ON(C(C(*)(F)F)(F)F)C(F)(F)F,1.934666667
*C(=C*)c1ccc(cc1)C#C,1.097
*OC1C(C(C1(C)C)OC(=O)*)(C)C,1.087625
*N1C(=O)c2c(C1=O)cc(cc2)Oc1ccc(cc1)C(c1ccc(cc1)Oc1cc2c(C(=O)N(C2=O)c2ccc(cc2)Oc2ccc(cc2)c2ccc(cc2)Oc2ccc(cc2)*)cc1)(C)C,1.242
*NC(=O)C(C(C(=O)NCC*)OC)OC,1.34
*c1cc2c(C(=O)N(C2=O)c2c(ccc(c2)C(c2cc(c(cc2)O)N2C(=O)c3c(C2=O)cc(cc3)C(=O)*)(C(F)(F)F)C(F)(F)F)O)cc1,1.49
*NC(=O)CNC(=O)CCCCCCCCCCC*,1.128
*c1cc2c(C(=O)N(C2=O)c2ccc(cc2)N2C(=O)c3c(C2=O)cc(cc3)C(=O)*)cc1,1.43021
*C(C*)(C(=O)OC(C)C(F)(F)F)C,1.34
*C(=C(*)c1ccccc1)c1ccc(cc1)[Si](C(C)C)(C(C)C)C(C)C,0.99
*OC(=O)CCCCCCCCC*,1.067483333
*c1cc2c(C(=O)N(C2=O)c2c(cc(cc2)C2(c3ccccc3-c3ccccc23)c2cc(c(cc2)N2C(=O)c3c(C2=O)cc(cc3)C(*)(C(F)(F)F)C(F)(F)F)C(C)C)C(C)C)cc1,1.2
*C(C*)(c1ccc(cc1)OC(=O)C)OC(=O)C,1.261
*C(C*)c1ccc(cc1)C(C)(C)C,0.94758
*C(=CCCC*)c1ccc(cc1)OC,1.083
*Oc1cc2c(cc1)cc(cc2)C(=O)*,1.355
*NC(C(=O)*)C(C)C,1.09
*NC(=O)CCCCCCCCCC*,1.047738095
*N1C(=O)c2c(C1=O)cc(cc2)Oc1c(cc(cc1C)c1cc(c(c(c1)C)Oc1cc2c(C(=O)N(C2=O)c2c(cc(cc2C)Cc2cc(c(c(c2)C)*)C)C)cc1)C)C,1.162
*N1C(=O)c2c(C1=O)cc(cc2)C(=O)Nc1ccc(cc1)Oc1cc(ccc1)Oc1ccc(cc1)NC(=O)C*,1.338
*C(C(CC*)(F)F)(F)F,1.707
*N1C(=O)c2c(C1=O)cc(cc2)c1cc2c(C(=O)N(C2=O)c2cc(ccc2)*)cc1,1.39085
*c1nc(nc(n1)Oc1c(cccc1)C(=O)OCCOCCOCCOC(=O)c1c(cccc1)O*)N(CC)c1ccccc1,1.125
*Oc1c(cccc1)Oc1ccc(cc1)S(=O)(=O)c1ccc(cc1)*,1.338
*c1cc2c(C(=O)N(C2=O)c2ccc(cc2)Oc2ccc(cc2)NC(=O)*)cc1,1.413
*C1OC(C(C(C1OCC)OCC)O*)COCC,1.13
*Oc1ccc(cc1)C(=O)c1ccc(cc1)Oc1ccc(cc1)C(=O)c1ccc(cc1)C(=O)c1ccc(cc1)*,1.403
*Oc1ccc(cc1)S(=O)(=O)c1ccc(cc1)Oc1c(cc(cc1)C(c1cc(c(cc1)*)C(O)(C(F)(F)F)C(F)(F)F)(C)C)C(O)(C(F)(F)F)C(F)(F)F,1.46
*C(C*)CC1CCCC1,0.9125
*n1c(=O)c2cc3c(cc2c1=O)c(=O)n(c3=O)c1ccc(cc1)C(c1ccc(cc1)*)(c1ccccc1)C(F)(F)F,1.345
*NC(C(=O)*)CCC(=O)OCc1ccc(cc1)Cl,1.371
*OC(=O)Nc1ccc(cc1)Cc1ccc(cc1)NC(=O)OCC*,1.3233
*Oc1cc(ccc1)OC(=O)c1c(cccc1)C=Cc1ccc(cc1)C=Cc1c(cccc1)C(=O)*,1.185
*OC(=O)CCCCC(=O)OCC1CCC(CC1)C*,1.181
*Oc1ccc(cc1)C1(C2CCC(C1)C2)c1ccc(cc1)OC(=O)*,1.203333333
*O[Si](c1ccc(cc1)[Si](*)(C)C)(C)C,1.083
*N1CCN(CC1)C(=O)OCCOC(=O)c1ccc(cc1)C(=O)OCCOC(=O)*,1.32
*c1ccc(cc1)c1ccc(cc1)C(*)(C(F)(F)F)C(F)(F)F,1.24
*Oc1ccc(cc1)S(=O)(=O)c1ccc(cc1)Oc1ccc(cc1)C(c1ccc(cc1)*)(c1ccccc1)C,1.239
*n1c(=O)c2cc3c(cc2c1=O)c(=O)n(c3=O)c1ccc(cc1)C(=O)c1ccc(cc1)*,1.47
*NC(=O)C(C(=O)NCCCCCC*)CCCCCCCC,1.02
*c1ccc(cc1)C(C(*)(F)F)(F)F,1.580428571
*SCCCCCCCCCCC(=O)NCCc1ccc(cc1)CCNC(=O)CCCCCCCCCC*,1.067
*N1CCN(CC1)C(=O)OCCOC(=O)*,1.35
*NC(C(=O)*)CCC(=O)OCCCCCCCCCCCCCC,1.041
*Oc1ccc(cc1)c1ccc(cc1)Oc1c(c(c(c(c1F)F)COC(c1cc(ccc1)C(OCc1c(c(c(c(c1F)F)*)F)F)(C(F)(F)F)C(F)(F)F)(C(F)(F)F)C(F)(F)F)F)F,1.552
*OC(=O)CCCCCCCC(=O)OCCCCCCCCCC*,0.9381
*OC(=O)CCCCC(=O)OCC*,1.2490625
*N1C(=O)c2c(C1=O)cc(cc2)Oc1ccc(cc1)C(c1ccc(cc1)Oc1cc2c(C(=O)N(C2=O)c2ccc(cc2)Oc2ccc(cc2)C(c2ccc(cc2)Oc2ccc(cc2)*)(C)C)cc1)(C)C,1.267
*NC(=O)C(C(=O)NCCCCCC*)CCCCC,1.039
*N1C(=O)c2c(C1=O)cc(cc2)Oc1ccc(cc1)C(c1ccc(cc1)Oc1cc2c(C(=O)N(C2=O)c2ccc(cc2)Oc2ccc(cc2)*)cc1)(C(F)(F)F)C(F)(F)F,1.3915
*N1C(=O)c2c(C1=O)cc(cc2)Oc1ccc(cc1)C(c1ccc(cc1)Oc1cc2c(C(=O)N(C2=O)c2ccc(cc2)Oc2ccc(cc2)c2ccc(cc2)Oc2ccc(cc2)*)cc1)(C(F)(F)F)C(F)(F)F,1.355
*c1sc(cc1CCCCCCCCCCCC)*,1.036666667
*NC(CC(=O)*)C(=O)OCCCCCCCCCCCCCCCCCCCCCC,1.01
*C(C*)OC,1.05
*Oc1c(cc(cc1)Cc1cc(c(cc1)OC(=O)*)C)C,1.25
*n1c(=O)c2cc3c(cc2c1=O)c(=O)n(c3=O)c1c(cc(cc1C)c1cc(c(c(c1)C)*)C)C,1.289
*Oc1ccc(cc1)S(=O)(=O)c1ccc(cc1)Oc1ccc(cc1)C(=O)c1cc(cc(c1)Br)C(=O)c1ccc(cc1)*,1.417
*Oc1ccc(cc1)C(c1ccc(cc1)OC(=O)c1ccc(cc1)NC(=O)c1ccc(cc1)C(=O)*)(C)C,1.21
*OC(CC(=O)*)C,1.2345
*C(CC*)(C)C,0.8718
*Nc1ccc(cc1)*,1.234
*OC(=O)c1ccc(cc1)C(=O)OCCCCc1ccc(cc1)CCCC*,1.35
*c1cc2c(C(=O)N(C2=O)c2cc(ccc2)Oc2ccc(cc2)N2C(=O)c3c(C2=O)cc(cc3)C(*)(C(F)(F)F)C(F)(F)F)cc1,1.459222222
*Nc1cc(ccc1)C=CC(=O)C=Cc1cc(ccc1)NC(=O)c1cc(ccc1)C(=O)*,1.21
*C(=C(*)C)[Si](C)(C)C,0.808555556
*NC(=O)C(C(=O)NCCCCCC*)CCC,1.061
*N1C(=O)c2ccc3C(=O)N(C(=O)c4ccc(C1=O)c2c34)c1ccc(cc1)Oc1ccc(cc1)C(c1ccc(cc1)Oc1ccc(cc1)*)(C(F)(F)F)C(F)(F)F,1.407
*C1OC(C(C(C1O)O)O*)CO,0.961904762
*c1cc2c(C(=O)N(C2=O)c2c(cc(c(c2C)N2C(=O)c3c(C2=O)cc(cc3)C(=O)Nc2ccc(cc2)C(c2ccc(cc2)NC(=O)*)(C(F)(F)F)C(F)(F)F)C)C)cc1,1.351
*=C=C=C(C(=*)CCCCOS(=O)(=O)c1ccc(cc1)C)CCCCOS(=O)(=O)c1ccc(cc1)C,1.405
*N1C(=O)c2c(C1=O)cc(cc2)c1cc2c(C(=O)N(C2=O)c2c(cc(cc2C)C(c2cc(c(c(c2)C)*)C)c2c3c(ccc2)cccc3)C)cc1,1.2599
*C(C*)(F)F,1.711938776
*c1cc2c(C(=O)N(C2=O)c2c(c3c(C(CC3)(C)C)c(c2C)N2C(=O)c3c(C2=O)cc(cc3)C(=O)*)C)cc1,1.2251
*C(=C(*)c1ccccc1)c1ccc(cc1)[Si](C)(C)C,0.91
*N1C(=O)c2c(C1=O)cc(cc2)C(=O)Nc1ccc(cc1)Oc1ccc(cc1)Oc1ccc(cc1)NC(=O)C*,1.33125
*C(C*)(CC(=O)OCCCC1CCCCC1)C(=O)OCCCC1CCCCC1,1.075
*OC(CCC(OC(=O)CCCCC(=O)*)C)C,1.076
*OC(=O)CCCCC(=O)OCCCC*,1.085933333
*C(C*)(C(=O)OCc1c(cccc1Cl)Cl)C,1.463
*OC(=O)c1ccc(cc1)C(=O)OCCCCCC(=O)NCCCCCCNC(=O)CCCCC*,1.147
*c1ccc(cc1)C1C(C(C1c1ncccc1)*)c1ncccc1,1.237
*NC(=O)C(C(=O)NCCCCCC*)CCCCCCCCCCCCCCC,0.995
*/C=C/C(C(*)C(=O)O)CN,1.83
*N1C(=O)CC(CC1=O)CCC*,1.295454545
*NC(=O)CCCCCCC(=O)NCC1CC(CCC1)C*,1.13
*C(C*)C(=O)OC12CC3(CC(CC(C1)C3)(C2)C)C,1.043
*Oc1c2c(ccc1)ccc(c2)OC(=O)c1c(cccc1)C=Cc1ccc(cc1)C=Cc1c(cccc1)C(=O)*,1.216
*C(C*)(C(=O)OCC(C(C(C(F)F)(F)F)(F)F)(F)F)C,1.6382
*c1sc(cc1CCCCCCCCCC)*,0.998333333
*C(C*)Cc1c(cccc1)C,1.031
*NC(=O)C(C(C(=O)NCCCCCCCC*)OC)OC,1.18
*N1C(=O)c2c(C1=O)cc(cc2)c1cc2c(C(=O)N(C2=O)c2ccc(cc2)Oc2ccc(cc2)c2ccc(cc2)Oc2ccc(cc2)*)cc1,1.36032
*c1cc2c(C(=O)N(C2=O)c2c(ccc(c2)C(=O)Nc2ccc(cc2)C(c2ccc(cc2)NC(=O)c2cc(c(cc2)C)N2C(=O)c3c(C2=O)cc(cc3)C(*)(C(F)(F)F)C(F)(F)F)(C(F)(F)F)C(F)(F)F)C)cc1,1.399
*NC1CCC(CC1)CC1CCC(CC1)NC(=O)CCCCCCCCCCCCC(=O)*,0.917
*OCCC*,1.146
*C(C*)SCCCC,0.984
*N1C(=O)c2c(C1=O)cc(cc2)c1cc2c(C(=O)N(C2=O)c2ccc(cc2)Oc2ccc(cc2)C(c2ccc(cc2)Oc2ccc(cc2)*)(C(F)(F)F)C(F)(F)F)cc1,1.3857975
*Oc1ccc(cc1)C1(C2C3C(CCC3)C(C1)C2)c1ccc(cc1)OC(=O)*,1.2
*Oc1ccc(cc1)S(=O)(=O)c1ccc(cc1)Oc1c(cc(cc1C)C1C(CC(CC1)C(c1cc(c(c(c1)C)*)C)(C)C)C)C,1.1
*OC(=O)C(C*)(C)C,1.2124
*Oc1ccc(cc1)S(=O)(=O)c1ccc(cc1)Oc1c(cc(cc1C(C)C)C(c1cc(c(c(c1)C(C)C)*)C(C)C)(C)C)C(C)C,1.05
*c1cc2c(C(=O)N(C2=O)c2c(cc(cc2C)C(c2cc(c(c(c2)C)N2C(=O)c3c(C2=O)cc(cc3)C(=O)*)C)c2c3c(ccc2)cccc3)C)cc1,1.2381
*c1cc2c(C(=O)N(C2=O)c2ccc(cc2)Oc2ccc(cc2)C(c2ccc(cc2)Oc2ccc(cc2)N2C(=O)c3c(C2=O)cc(cc3)C(=O)*)(C)C)cc1,1.271998
*C(C(=O)C*)c1ccc(cc1)F,1.347
*/C(=C\CC*)/Cl,1.25022
*N(c1ccc(cc1)Cc1ccc(cc1)*)Cc1ccccc1,0.82
*Oc1ccc(cc1)C(c1ccc(cc1)OC(=O)*)(CCC)C,1.13
*c1nc(cs1)c1nc(sc1)NCc1c(c(cc(c1)S(=O)(=O)O)CN*)N,1.58
*NC(=O)C(C(=O)NCCCC*)CCCCCCCCCCCC,1.005
*C(C*)(C(=O)OCC(C(F)F)(F)F)C,1.496
*n1c(=O)c2cc3c(cc2c1=O)c(=O)n(c3=O)c1cc(ccc1)Oc1ccc(cc1)S(=O)(=O)c1ccc(cc1)Oc1cc(ccc1)*,1.377045
*N1C(=O)C2CC3C(C2C1=O)C(=O)N(C3=O)c1ccc(cc1)Oc1ccc(cc1)*,1.38
*N1C(=O)c2c(C1=O)cc(cc2)c1ccc(cc1)c1cc2c(C(=O)N(C2=O)CCCCCCCCCCC*)cc1,1.265
*C(C*)(C(=O)OC(C(C)(C)C)C)C,0.99
*c1cc2c(C(=O)N(C2=O)c2ccc(cc2)Oc2ccc(cc2)c2ccc(cc2)Oc2ccc(cc2)N2C(=O)c3c(C2=O)cc(cc3)C(*)(C(F)(F)F)C(F)(F)F)cc1,1.371
*N1C(=O)c2c(C1=O)cc(cc2)S(=O)(=O)c1cc2c(C(=O)N(C2=O)c2c(ccc(c2)*)C)cc1,1.337
*c1cc2c(C(=O)N(C2=O)c2cc(ccc2)Oc2ccc(cc2)S(=O)(=O)c2ccc(cc2)Oc2cc(ccc2)N2C(=O)c3c(C2=O)cc(cc3)C(*)(C(F)(F)F)C(F)(F)F)cc1,1.4255
*NC(C(=O)NC(C(=O)*)C(C)C)C,1.3
*c1nc(nc(n1)Oc1c2c(ccc1C(=O)Oc1ccc(cc1)C1(c3c(C(=O)O1)cccc3)c1ccc(cc1)OC(=O)c1c(c3c(cc1)cccc3)O*)cccc2)N1CCCCC1,1.215
*c1ccc2c(nc([nH]2)c2ccc3S(=O)(=O)c4c(-c3c2)cc(cc4)c2nc3c([nH]2)ccc(c3)O*)c1,1.131
*Oc1ccc(cc1)OC(=O)c1ccc(cc1)C(=O)*,1.39
*c1cc2c(C(=O)N(C2=O)c2ccc(cc2)Oc2ccc(cc2)Oc2ccc(cc2)Oc2ccc(cc2)Oc2ccc(cc2)N2C(=O)c3c(C2=O)cc(cc3)C(=O)Oc2ccc(cc2)OC(=O)*)cc1,1.45
*c1cc2c(C(=O)N(C2=O)c2ccc(cc2)N2C(=O)c3c(C2=O)cc(cc3)C(*)(C(F)(F)F)C(F)(F)F)cc1,1.4755
*N1C(=O)c2c(C1=O)cc(cc2)c1cc2c(C(=O)N(C2=O)c2cc(c(c(c2)C(=O)OCCCCCCCCCC)c2c(cc(cc2Br)*)C(=O)OCCCCCCCCCC)Br)cc1,1.2725
*NC(=O)CCCCCCC(=O)NCCCCCCCC*,1.109
*C(C*)(C(=O)OCCCCCCN(c1ccc(cc1)N=Nc1ccc(cc1)S(=O)(=O)C)C)C,1.28
*C(C*)(CC(=O)OCCC1CCCCC1)C(=O)OCCC1CCCCC1,1.1
*N(C(=O)CCCCCCCCC(=O)N(CCCCCCCCCC*)C)C,1.02
*Oc1ccc(cc1)S(=O)(=O)c1ccc(cc1)Oc1c(cc(cc1)C(c1cc(c(cc1)*)C(OC)(C(F)(F)F)C(F)(F)F)(C)C)C(OC)(C(F)(F)F)C(F)(F)F,1.39
*Oc1ccc(cc1)OC(=O)CCCCC(=O)*,1.287
*NC(=O)CCCCCCCCC(=O)NCCCCCCCCCCCC*,1.0925
*NC(=O)C(C(=O)NCCCCCC*)CCCCCCCCCCCCCCCC,0.99
*OC(=O)CCCCC*,1.118345455
*c1cc2c(C(=O)N(C2=O)c2ccc(cc2)Sc2ccc(cc2)Sc2ccc(cc2)N2C(=O)c3c(C2=O)cc(cc3)C(*)(C(F)(F)F)C(F)(F)F)cc1,1.4179
*C(C*)CC(C)(C)C,0.852
*C(C*)(C(=O)OCC1OC(OC1)c1ccccc1)C,1.252
*C(C*)(C(=O)Oc1c(c(ccc1)C)C)C,1.156
*c1c(cc(c(c1)OCCO)C#Cc1c(cc(c(c1)OCC(CCCC)CC)C#C*)OCC(CCCC)CC)OCCO,1.06
*Oc1ccc(cc1)C(c1ccc(cc1)OCC(C*)O)(C)C,1.217734783
*NC(C(=O)*)CCCNC(=O)OCc1ccccc1,1.247
*N1C(=O)c2c(C1=O)cc(cc2)c1cc2c(C(=O)N(C2=O)c2c(c3c(C(CC3)(C)C)c(c2C)*)C)cc1,1.1902
*Oc1ccc(cc1)SC(=O)Sc1ccc(cc1)*,1.309
*NC(=O)C(C*)(CCC)C,1.067
*Nc1cc(ccc1)C=CC(=O)C=Cc1cc(ccc1)NC(=O)c1ccc(cc1)C(=O)*,1.22
*c1cc2c(C(=O)N(C2=O)c2ccc(cc2)Oc2ccc(cc2)Oc2ccc(cc2)Oc2ccc(cc2)N2C(=O)c3c(C2=O)cc(cc3)C(=O)Oc2ccc(cc2)OC(=O)*)cc1,1.48
*c1cc2c(C(=O)N(C2=O)c2c3c(ccc2)c(ccc3)N2C(=O)c3c(C2=O)cc(cc3)C(=O)Nc2ccc(cc2)C(c2ccc(cc2)NC(=O)*)(C(F)(F)F)C(F)(F)F)cc1,1.404
*NC(=O)CCCCC(=O)NCCCC*,1.22845
*Oc1ccc(cc1)S(=O)(=O)c1ccc(cc1)Oc1ccc(cc1)C12CC3(CC(CC(C1)C3)C2)c1ccc(cc1)*,1.238
*C=CC(C(*)C(=O)OCc1ccc(cc1)Cl)C(=O)OCc1ccc(cc1)Cl,1.466
*NC(=O)CCCCCCCCC(=O)NCCCCCCCCCCCCCCCCCC*,1.024
*OC(C*)CS(=O)(=O)CCCC,1.265
*Oc1c(cc(cc1C)C(c1cc(c(c(c1)Cl)OC(=O)*)C)(C)C)Cl,1.24
*N1C(=O)c2c(C1=O)ccc(c2)C(c1ccc2c(C(=O)N(C2=O)c2ccc(cc2)Oc2cc(cc(c2)Oc2ccc(cc2)*)Oc2ccc(cc2)*)c1)(C(F)(F)F)C(F)(F)F,1.42475
*c1cc2c(C(=O)N(C2=O)c2ccc(cc2)C(=O)Nc2cc(ccc2)NC(=O)*)cc1,1.215
*C(C*)(C(=O)OCC(O)C)C,1.215
*NC(=O)CCCCCCCC(=O)NCCCC*,1.127
*C(C(*)(c1c(c(c(c(c1[2H])[2H])[2H])[2H])[2H])[2H])([2H])[2H],1.116
*N1C(CCC1)C(=O)*,1.295
*C(C*)C(=O)OCCCCCCOc1cc(c(cc1)C=Nc1ccc(cc1)OCCCCC)O,1.11
*C(C*)(C(=O)OC(C)C)Cl,1.27
*c1nc(nc(n1)Oc1ccc(cc1)C(c1ccc(cc1)O*)(C)C)OC,1.048
*C(C*)OCCC,0.94
*OC(=O)CCCCCCCC(=O)OCCCCCCCCC*,0.9524
*Oc1c(cc(cc1)S(=O)(=O)c1cc(c(cc1)OCC(C*)O)C)C,1.3
*c1nc(nc(n1)Oc1c(cccc1)C(=O)Oc1ccc(cc1)C(c1ccc(cc1)OC(=O)c1c(cccc1)O*)(C)C)N1CCOCC1,1.19
*NC(=O)CCCCCCC(=O)NCCCC*,1.147
*Oc1ccc(cc1)OC(=O)CCCCCCCCC(=O)*,1.1888
*C(C*)(C(=O)OCc1cc(ccc1)Cl)C,1.264
*c1cc2c(C(=O)N(C2=O)c2ccc(cc2)Sc2ccc(cc2)Oc2ccc(cc2)Sc2ccc(cc2)N2C(=O)c3c(C2=O)cc(cc3)C(*)(C(F)(F)F)C(F)(F)F)cc1,1.375
*SCCCCC(=O)NCCc1ccc(cc1)CCNC(=O)CCCC*,1.174
*C(C*)CCCCCCCCCCC,0.8532
*/C=C/CCCCCC*,1
*C(C*)OC(=O)c1ccccc1,1.214
*NC(=O)C(=O)NCCCP(CCC*)CCCCCCCC,1.086
*C(C*)(C(=O)OCCC(C(C(C(C(C(C(C(F)(F)F)(F)F)(F)F)(F)F)(F)F)(F)F)(F)F)(F)F)F,1.8192
*c1ncc(cc1)C(=O)NCCCCCCNC(=O)*,1.266
*OCC(C*)(C)C,0.979666667
*Oc1ccc(cc1)c1ccc(cc1)OC(=O)c1ccc(cc1)C(=O)*,1.4
*OCC(C*)(CC)C,0.9465
*N1C(=O)c2c(C1=O)cc(cc2)Oc1ccc(cc1)Oc1cc2c(C(=O)N(C2=O)c2c(cc(c(c2C)*)C)C)cc1,1.267
*N=P(*)(Oc1ccccc1)Oc1ccccc1,1.3635
*c1cc2c(C(=O)N(C2=O)c2ccc(cc2)C2(c3ccccc3-c3ccccc23)c2ccc(cc2)N2C(=O)c3c(C2=O)cc(cc3)C(*)(C(F)(F)F)C(F)(F)F)cc1,1.31
*SCC(C*)(C)C,1.098
*C(C*)OCC(CCCC)CC,0.897
*N1C(=O)c2c(C1=O)cc(cc2)c1cc2c(C(=O)N(C2=O)c2cc(c(c(c2)C)c2c(cc(cc2C)*)C)C)cc1,1.263
*OC(=O)c1cc(ccc1)C(=O)OCCC*,1.207
*Nc1cc(ccc1)C=CC(=O)C=Cc1cc(ccc1)NC(=O)/C=C/C(=O)*,1.16
*c1c2c([nH]c1*)cccc2,0.7015
*C(*)C,0.9145
*Oc1ccc(cc1)S(=O)(=O)c1ccc(cc1)Oc1ccc(cc1)c1ccc(cc1)Oc1ccc(cc1)C(=O)c1ccc(cc1)*,1.32
*Nc1ccc(cc1)Cc1ccc(cc1)NC(=O)c1ccc(cc1)C(=O)*,1.19
*C(C*)(C(=O)OCC(C(F)F)(F)F)F,1.6447
*NC(=O)CCCCCCCCCCCCCCCCC(=O)NCCCCCCCCCCCCCC*,1.013
*NC(CC(=O)*)C(=O)OCCCCCCCC,1.06
*C(C*)C(=O)N(c1c(cccc1)C)O,1.26
*Nc1cc(ccc1)NC(=O)c1cc(ccc1)C(=O)*,1.339466667
*n1c(=O)c2cc3c(cc2c1=O)c(=O)n(c3=O)c1c(cc(cc1C)C(c1cc(c(c(c1)C)*)C)c1c2c(ccc1)cccc2)C,1.2697
*N1C(=O)c2c(C1=O)cc(cc2)Oc1cc2c(C(=O)N(C2=O)c2ccc(cc2)Oc2ccc(cc2)C(c2ccc(cc2)Oc2ccc(cc2)*)(C(F)(F)F)C(F)(F)F)cc1,1.385
*c1c(cc(c(c1)OC)C=C*)OCC(CCCC)CC,0.66
*Oc1ccc(cc1)C(c1ccc(cc1)OC(=O)SCCCCCCSC(=O)*)(C)C,1.203
*C1(c2c(C(=O)O1)cccc2)c1ccc(cc1)Oc1ccc(cc1)C(=O)c1ccc(cc1)Oc1ccc(cc1)*,1.249
*c1cc2c(C(=O)N(C2=O)c2cc(ccc2)Oc2cc(ccc2)Oc2cc(ccc2)N2C(=O)c3c(C2=O)cc(cc3)C(*)(C(F)(F)F)C(F)(F)F)cc1,1.434
*C(C*)C(=O)O[Na],1.7
*OC(C*)COCC,1.025
*c1cc2c(C(=O)N(C2=O)c2ccc(cc2)S(=O)(=O)c2ccc(cc2)N2C(=O)c3c(C2=O)cc(cc3)C(*)(C(F)(F)F)C(F)(F)F)cc1,1.4738
*N1C(=O)c2c(C1=O)cc(cc2)Oc1cc2c(C(=O)N(C2=O)c2c(c3c(C(CC3)(C)C)c(c2C)*)C)cc1,1.2183
*C(C*)(C(=O)OCC(C)C)C,1.048816667
*Oc1ccc(cc1)Oc1ccc(cc1)S(=O)(=O)c1ccc(cc1)*,1.329
*NC(=O)CCCCCCCCCCCCCC(=O)NCc1ccc(cc1)C*,1.09
*OC(C(C(C(*)(F)F)(F)F)(F)F)(F)F,1.775
*n1c(=O)c2cc3c(cc2c1=O)c(=O)n(c3=O)c1ccc(cc1)c1cc(c(cc1)Oc1cc2c(C(CC2(c2ccc(cc2)Oc2c(cc(cc2)c2ccc(cc2)*)C(F)(F)F)C)(C)C)cc1)C(F)(F)F,1.27
*Oc1cc(ccc1)Oc1ccc(cc1)S(=O)(=O)c1ccc(cc1)*,1.345
*C(C*)c1cc(c(cc1)Cl)[N+](=O)[O-],1.45
*c1cc2c(C(=O)N(C2=O)c2ccc(cc2)Oc2ccc(cc2)N2C(=O)c3c(C2=O)cc(cc3)C(CCCCCCCCC(*)(C)C)(C)C)cc1,1.0545
*Oc1c(cc(cc1)c1ccc(cc1)C(=O)*)c1ccccc1,1.429
*c1sc(cc1C)*,1.43
*NC(=O)CCCCCCCCCCCCCCCCCCCCC(=O)NCc1ccc(cc1)C*,1.056
*Oc1c(cc(cc1)C(=O)*)CCCCCCCCCCCC,1.155
*OC(=O)CCCCCCCC(=O)OCC*,1.192333333
*NC(=O)CCCCCCCCCCCC(=O)NCc1ccc(cc1)C*,1.108
*OC(C*)c1ccccc1,1.139
*C1OC(C(C(C1OC(=O)C)OC(=O)C)O*)COC(=O)C,1.18
*c1cc2c(C(=O)N(C2=O)c2ccc(cc2)Cc2ccc(cc2)Cc2ccc(cc2)N2C(=O)c3c(C2=O)cc(cc3)C(=O)*)cc1,1.285
*N(CC*)C(=O)CCCCCC,1.01
*C(C*)c1c(cccc1)Br,1.5575
*C(C*)c1ccccc1,1.0457
*C(C*)CCCCCCCCCCCCCCCC,0.91305
*NC(=O)C(C(=O)NCCCCCC*)CCCCCCCCCCCCCCCCC,0.985
*NC(=O)C(C*)(CCCC)C,1.039
*OC(=O)CCCCCCC(=O)OCC*,1.231
*C(=C*)c1ccc(cc1)c1ccc(cc1)C#C,1.135
*OCCCCCCCC*,1.025
*O[Si](CCC(C(C(C(C(C(C(C(C(C(CC[Si](*)(CCC(F)(F)F)C)(F)F)(F)F)(F)F)(F)F)(F)F)(F)F)(F)F)(F)F)(F)F)(F)F)(CCC(F)(F)F)C,1.69
*C(C*)(C(=O)OCC(C(F)(F)F)(F)F)F,1.654
*C(*)C(=O)OCCC,1.161
*Nc1ccc(cc1)NC(=O)c1cc(ccc1)C(=O)c1ccc(cc1)C(=O)*,1.31
*C(C*)CCc1ccccc1,1.016333333
*Nc1c(ccc(c1)NC(=O)c1ccc(cc1)C(=O)*)C,1.308
*Oc1cc2c(C(CC32CC(c2ccc(cc32)OC(=O)*)(C)C)(C)C)cc1,1.366
*S(=O)(=O)c1c(cc(cc1C)C(c1cc(c(c(c1)C)*)C)(C)C)C,1.147333333
*C(C*)OC=O,1.383025
*Oc1cc2c(C(CC32CC(c2ccc(cc32)OC(=O)c2cc(ccc2)C(=O)*)(C)C)(C)C)cc1,1.132
*c1nc(nc(n1)Oc1c(cccc1)C(=O)Oc1c2C(=O)c3c(C(=O)c2c(cc1)OC(=O)c1c(cccc1)O*)cccc3)N(CC)c1ccccc1,1.17
*SCCCCCC(=O)NCc1ccc(cc1)CNC(=O)CCCCC*,1.175
*N1C(=O)c2c(C1=O)cc(cc2)c1cc2c(C(=O)N(C2=O)c2cc(ccc2)Oc2ccc(cc2)S(=O)(=O)c2ccc(cc2)Oc2cc(ccc2)*)cc1,1.36742
*c1oc(nn1)CCCCCCCC*,1.21
*NC(=O)CCCCCCCCCCC(=O)NCCCCCCCC*,1.062
*SC(=O)SCCCCCCCCC*,1.17
*C1CC2CC(CC(C1)O2)OC(=O)Oc1ccc(cc1)C(c1ccc(cc1)OC(=O)O*)(C)C,1.245
*OC(=O)CCCCCCCCC(=O)OCC(C*)(CC)C,1.457
*NC(=O)CCCCCCCCCCCC(=O)NCCCCCCCCCCCCC*,1.031125
*c1nc2c([nH]1)ccc(c2)c1ccc2c(nc([nH]2)c2ccc3S(=O)(=O)c4c(-c3c2)cc(cc4)*)c1,1.018
*C(C*)OC(=O)c1ccc(cc1)C,1.163
*C(*)C(=O)OCC,1.221
*c1cc2c(C(=O)N(C2=O)c2ccc(cc2)C(=O)Nc2ccc(cc2)NC(=O)*)cc1,1.312333333
*NC(=O)CCCCCCCCCCCCCCCCC(=O)NCCCCCCCCCC*,1.024
*c1[nH]c(cc1)*,1.175
*Oc1c(cc(c(c1)C)C(c1c(cc(c(c1)C(C)C)Oc1ccc(cc1)C(=O)c1ccc(cc1)*)C)c1c(cccc1)C(=O)O)C(C)C,1.128
*C1CC(CC1)C=C*,1.295
*C(C*)(c1ccc(cc1)OC(=O)CCC)OC(=O)C,1.223
*NC(C(=O)*)CC(=O)OCCCc1ccccc1,1.24
*c1cc2c(C(=O)N(C2=O)c2c(ccc(c2)N2C(=O)c3c(C2=O)cc(cc3)C(=O)*)C)cc1,1.3608625
*OC(=O)NC1CC(CC(C1)(CNC(=O)OCC*)C)(C)C,1.2
*Oc1ccc(cc1)C(c1ccc(cc1)OC(=O)c1cc(ccc1)C(=O)*)(C)C,1.236
*c1n(c(nn1)c1cc(ccc1)c1n(c(nn1)c1ccc(cc1)*)c1ccccc1)c1ccccc1,1.2315
*c1[nH]c(c(c1OC)OC)*,1.373
*c1nc(nc(n1)Oc1c(cccc1)C(=O)Oc1ccc(cc1)C1(CCCCC1)c1ccc(cc1)OC(=O)c1c(cccc1)O*)N1CCOCC1,1.188
*NC(C(=O)*)CCC(=O)OCCc1ccccc1,1.19
*OC(=O)CCS(=O)(=O)Cc1ccc(cc1)CS(=O)(=O)CCC(=O)*,1.529
*C(C*)OC(=O)CCCC(=O)c1ccc(cc1)C,0.85
*C(C(CC*)Cl)C,1.161
*Oc1ccc(cc1)C(c1ccc(cc1)OC(=O)Sc1ccc(cc1)C(c1ccc(cc1)SC(=O)*)(C)C)(C)C,1.194
*Oc1c(cc(cc1)Oc1ccc(cc1)C(=O)c1ccc(cc1)*)C,1.259666667
*OC(=O)CCS(=O)(=O)CCC(=O)*,1.372
*Oc1ccc(cc1)S(=O)(=O)c1ccc(cc1)OC(=O)c1ccc(cc1)NC(=O)c1ccc(cc1)C(=O)*,1.36
*NC(=O)CCC(=O)NCCCCCCCCCC*,1.19
*C(C(=O)C*)c1ccc(cc1)C,1.148
*Oc1c(cc(cc1)C(c1cc(c(cc1)OC(=O)c1c(cccc1)C=Cc1ccc(cc1)C=Cc1c(cccc1)C(=O)*)C)(C)C)C,1.112
*C(C*)O[N+](=O)[O-],1.586
*OC(=O)CCCCCCCCC(=O)OCCOCC*,1.128
*c1cc2c(C(=O)N(C2=O)c2cc(c(cc2)Oc2ccc(cc2)C(c2ccc(cc2)Oc2c(cc(cc2)N2C(=O)c3c(C2=O)cc(cc3)C(=O)*)C(F)(F)F)(C(F)(F)F)C(F)(F)F)C(F)(F)F)cc1,1.457
*C(C*)C(=O)OCCCC,1.052166667
*Oc1c(cc(cc1)C(c1cc(c(cc1)OC(=O)*)C)(C)C)C,1.2
*c1cc2c(C(=O)N(C2=O)c2c(cc(cc2)Cc2cc(c(cc2)N2C(=O)c3c(C2=O)cc(cc3)C(=O)*)C)C)cc1,1.318495
*Oc1c(cc(cc1)C(=O)*)CCCCC,1.155
*Oc1ccc(cc1)NC(=O)c1cc(cc(c1)C(C)(C)C)C(=O)Nc1ccc(cc1)Oc1ccc(cc1)C(c1ccc(cc1)*)(C(F)(F)F)C(F)(F)F,1.55
*Oc1ccc(cc1)C(=O)c1ccc(cc1)*,1.34575
*N1C(CCC1)C(=O)N1C(CCC1)C(=O)NC(C(=O)*)c1ccccc1,1.2
*c1nc(nc(n1)Oc1c(cccc1)C(=O)Oc1ccc(cc1)C(c1ccc(cc1)OC(=O)c1c(cccc1)O*)(C)C)N(CC)c1ccccc1,1.154
*N1C(=O)c2c(C1=O)cc(cc2)c1cc2c(C(=O)N(C2=O)c2ccc(cc2)S(=O)(=O)c2ccc(cc2)*)cc1,1.41
*NC(C(=O)*)CC(=O)OCc1ccc(cc1)C,1.28
*NC(=O)CCCCCCC(=O)NC*,1.25
*C(C*)C#N,1.168877778
*N1C(=O)c2c(C1=O)cc(cc2)Oc1ccc(cc1)Oc1cc2c(C(=O)N(C2=O)c2c(cc(cc2)Cc2cc(c(cc2)*)C)C)cc1,1.296
*C(C*)C(C)C,0.909545455
*C(C*)c1c(cc(cc1C)C)C,1.168
*C(C*)(C(=O)Oc1c(cccc1C)C)C,1.143
*O[Si](*)(CC)CC,1.082
*OC(=O)c1ccc(cc1)C(=O)OCCC*,1.333902439
*C(C*)Br,2.26
*N1C(=O)c2c(C1=O)cc(cc2)Oc1ccc(cc1)Oc1cc2c(C(=O)N(C2=O)c2c(cc(c(c2)C)Cc2c(cc(c(c2)C)*)C)C)cc1,1.264
*C(C*)(C(=O)OCCCl)C,1.32
*c1oc(nn1)CCCCCCCCC*,1.28
*N1C(=O)c2c(C1=O)cc(cc2)S(=O)(=O)c1cc2c(C(=O)N(C2=O)c2c(cc(cc2C)c2cc(c(c(c2)C)*)C)C)cc1,1.303
*NC(=O)CCCCCCCCCCC(=O)NC*,1.16
*Oc1c(c(ccc1)Oc1cc(ccc1)*)C#N,1.335
*/C=C/CCCCCCCC*,0.99
*C(C*)(CC(=O)Oc1cc(ccc1)C)C(=O)Oc1cc(ccc1)C,1.11
*Oc1ccc(cc1)S(=O)(=O)c1ccc(cc1)OCC(C*)O,1.38
*NC(=O)CCCCCCCCCC(=O)NCc1ccc(cc1)C*,1.13
*OC(*)CCCCCC,0.919
*c1nc(nc(n1)Oc1c(cccc1)C(=O)Oc1cc(ccc1)OC(=O)c1c(cccc1)O*)N(CC)c1ccccc1,1.192
*OC(=O)c1ccc(cc1)C(=O)OCC*,1.379743731
*c1cc2c(C(=O)N(C2=O)c2ccc(cc2)OCCOCCOCCOc2ccc(cc2)N2C(=O)c3c(C2=O)cc(cc3)C(*)(C(F)(F)F)C(F)(F)F)cc1,1.4365
*C(C*)C(=O)OCC,1.136333333
*c1cc2c(C(=O)N(C2=O)c2ccc(cc2)C(=O)Nc2c(cccc2)NC(=O)*)cc1,1.155
*Oc1ccc(cc1)C(c1ccc(cc1)Oc1ccc(cc1)C(=O)c1cc(ccc1)C(=O)c1ccc(cc1)*)(C(F)(F)F)C(F)(F)F,1.359
*C(=CCC*)c1ccccc1,1.063
*N1C(=O)c2c(C1=O)cc(cc2)C(=O)Nc1ccc(cc1)Cc1ccc(cc1)NC(=O)C*,1.2891
*NC(CC(=O)*)C(=O)OCC(C)C,1.175
*Oc1ccc(cc1)S(=O)(=O)c1ccc(cc1)Oc1ccc(cc1)C1(C2CC3CC(CC1C3)C2)c1ccc(cc1)*,1.231
*C(C*)c1ccc(cc1)O,1.18825
*OC(=O)Nc1ccc(cc1)Cc1ccc(cc1)NC(=O)OCCCC*,1.3113
*OC(=O)c1c2c(ccc1)c(ccc2)C(=O)OCC*,1.38
*S(=O)(=O)NCCCCCCNS(=O)(=O)c1cc(ccc1)*,1.4
*OC1CCC(CC1)OC(=O)Nc1ccc(cc1)Cc1ccc(cc1)NC(=O)*,1.1111
*n1c(=O)c2cc3c(cc2c1=O)c(=O)n(c3=O)c1nccc(n1)*,1.523333333
*OC(C*)CCCCCC,0.959
*NC(=O)CCCCCCCCCCCCC(=O)NCCc1ccc(cc1)CC*,1.091
*N1C(=O)c2c(C1=O)cc(cc2)c1cc2c(C(=O)N(C2=O)c2cc3S(=O)(=O)c4c(-c3cc2C)cc(c(c4)*)C)cc1,1.372
*C(=C*)C(C)(C)C,0.922585714
*n1c(=O)c2cc3c(cc2c1=O)c(=O)n(c3=O)c1ccc(cc1)c1ccc(cc1)c1ccc(cc1)*,1.469005
*N1C(=O)c2c(C1=O)cc(cc2)Oc1ccc(cc1)C(c1ccc(cc1)Oc1cc2c(C(=O)N(C2=O)c2ccc(cc2)S(=O)(=O)c2ccc(cc2)*)cc1)(C)C,1.357
*NC(=O)CCCCCCCC(=O)NCc1ccc(cc1)C*,1.152
*OC(=O)Nc1ccc(cc1)Cc1ccc(cc1)NC(=O)OCC1CCC(CC1)C*,1.18735
*NC(C(=O)*)C,1.29
*c1cc2c(C(=O)N(C2=O)c2ccc(cc2)c2ccc(cc2)N2C(=O)c3c(C2=O)cc(cc3)C(=O)Oc2ccc(cc2)C(c2ccc(cc2)OC(=O)*)(C)C)cc1,1.355
*OC(=O)CCC(=O)OCC*,1.362666667
*C(C*)C(=O)OC(C)(C)C,1.114
*c1cc2c(C(=O)N(C2=O)c2c(cc(cc2C)C(c2cc(c(c(c2)C)N2C(=O)c3c(C2=O)cc(cc3)C(*)(C(F)(F)F)C(F)(F)F)C)c2c3c(ccc2)cccc3)C)cc1,1.2478
*C(C*)(C(=O)OCC(C(F)(F)F)(F)F)C,1.5204
*N1C(=O)c2c(C1=O)cc(cc2)c1cc2c(C(=O)N(C2=O)c2cc3Cc4c(-c3cc2)ccc(c4)*)cc1,1.42332
*c1cc2c(C(=O)N(C2=O)c2ccc(cc2)Sc2ccc(cc2)Sc2ccc(cc2)Sc2ccc(cc2)Sc2ccc(cc2)N2C(=O)c3c(C2=O)cc(cc3)C(*)(C(F)(F)F)C(F)(F)F)cc1,1.3956
*c1nc(nc(n1)Oc1c(cccc1)C(=O)Oc1ccc(cc1)C1(c2c(C(=O)O1)cccc2)c1ccc(cc1)OC(=O)c1c(cccc1)O*)N1CCOCC1,1.233
*NC(=O)CCCCCCCCCCCCCCCCCCCCC(=O)NCCCCCCCCCC*,1.01
*C(C*)c1cc(ccc1)C,1.018
*c1nc(nc(n1)Oc1cc2c(cc1)cc(cc2)C(=O)Oc1c(cc(cc1)C(c1cc(c(cc1)OC(=O)c1cc2c(cc1)cc(cc2)O*)C)(C)C)C)N1CCN(CC1)C,1.135
*C(C*)OC(=O)CCCCCCC,0.939
*c1cc2c(C(=O)N(C2=O)c2c(cc(cc2C)C(c2cc(c(c(c2)C(C)C)N2C(=O)c3c(C2=O)cc(cc3)C(*)(C(F)(F)F)C(F)(F)F)C)(c2ccccc2)C(F)(F)F)C(C)C)cc1,1.2
*C(C*)F,1.39425
*OC(=O)c1ccc(cc1)C(=O)OCCCCCC*,1.166
*OC(=O)CS(=O)(=O)CCS(=O)(=O)CC(=O)*,1.251
*C(C*)(C(=O)OC1CCCCC1)Cl,1.25
*n1c(=O)c2cc3c(cc2c1=O)c(=O)n(c3=O)c1ccc(cc1)Oc1ccc(cc1)C(c1ccc(cc1)Oc1ccc(cc1)*)(C)C,1.34236
*N1C(=O)c2ccc3C(=O)N(C(=O)c4ccc(C1=O)c2c34)CCCCCCCCCCCC*,1.27
*c1cc2c(C(=O)N(C2=O)c2cc3c(C(CC3(c3ccc(cc3)N3C(=O)c4c(C3=O)cc(cc4)C(=O)*)C)(C)C)cc2)cc1,1.2195
*c1cc2c(C(=O)N(C2=O)c2ccc(cc2)Sc2ccc(cc2)N2C(=O)c3c(C2=O)cc(cc3)C(=O)Oc2ccc(cc2)OC(=O)*)cc1,1.46
*Oc1ccc(cc1)c1ccc(cc1)OC(=O)CCCCCCCCCCCCC(=O)*,1.185
*/C(=C/CC*)/C,0.97051875
*C(C*)c1c(cc(c(c1)C)C)C,0.996
*Oc1ccc(cc1)S(=O)(=O)c1ccc(cc1)Oc1ccc(cc1)C1(c2ccccc2-c2ccccc12)c1ccc(cc1)*,1.245
*Oc1c(cc(cc1)Oc1ccc(cc1)C(=O)c1ccc(cc1)*)C(C)(C)C,1.1365
*C(C*)S(=O)(=O)c1ccccc1,1.244
*NC(=O)C(C(=O)NCCCCCC*)CCCCCCCCCCCCC,0.993
*Oc1ccc(cc1)c1ccc(cc1)OC(=O)c1ccc(cc1)c1ccc(cc1)C(=O)*,1.42
*C(C*)Cc1cc(ccc1)C,1.037
*N1C(=O)c2c(C1=O)cc(cc2)c1cc2c(C(=O)N(C2=O)c2cc(c(cc2)c2c(cc(cc2)*)C(F)(F)F)C(F)(F)F)cc1,1.47775
*N1C(=O)c2c(C1=O)cc(cc2)c1cc2c(C(=O)N(C2=O)c2cc(c(cc2)Oc2ccc(cc2)C(c2ccc(cc2)Oc2c(cc(cc2)*)C(F)(F)F)(C(F)(F)F)C(F)(F)F)C(F)(F)F)cc1,1.443
*OC(CC*)(C(F)(F)F)C(F)(F)F,1.89
*C(C*)(C(=O)OCC(F)(F)F)F,1.5868
*c1cc2c(C(=O)N(C2=O)c2ccc(cc2)S(=O)(=O)c2ccc(cc2)S(=O)(=O)c2ccc(cc2)N2C(=O)c3c(C2=O)cc(cc3)C(*)(C(F)(F)F)C(F)(F)F)cc1,1.464
*C(C*)OC(=O)c1ccc(cc1)CC,1.145
*C(C*)(C)C,0.900408788
*c1cc2c(C(=O)N(C2=O)c2ccc(cc2)Sc2ccc(cc2)Sc2ccc(cc2)Sc2ccc(cc2)N2C(=O)c3c(C2=O)cc(cc3)C(*)(C(F)(F)F)C(F)(F)F)cc1,1.398
*c1cc2c(C(=O)N(C2=O)c2ccc(cc2)Oc2ccc(cc2)N2C(=O)c3c(C2=O)cc(cc3)C(=O)*)cc1,1.375072
*C1C(=O)N(C(=O)C1C(C*)c1ccccc1)CCCCCCCCCCCCCCCC,1.03
*NC(C(=O)NC(C(=O)NC(C(=O)NC(C(=O)*)C(C)C)C)C)C,1.28
*N1C(=O)c2c(C1=O)cc(cc2)c1cc2c(C(=O)N(C2=O)c2cc(ccc2)Oc2ccc(cc2)*)cc1,1.47
*NC(=O)CC(=O)NC*,1.58
*N1C(=O)c2c(C1=O)cc(cc2)c1cc2c(C(=O)N(C2=O)c2ccc(cc2)C(c2ccc(cc2)*)(C(F)(F)F)C(F)(F)F)cc1,1.424
*/C=C/CCCCCCCCCC*,0.995
*SSSSCC*,1.46405
*N1C(=O)c2c(C1=O)cc(cc2)S(=O)(=O)c1cc2c(C(=O)N(C2=O)c2ccc(cc2)Cc2ccc(cc2)*)cc1,1.371
*C(C*)Cc1ccc(cc1)C,1.035
*NC(=O)C(C(C(=O)NCCCCCC*)OC)OC,1.19
*C1CC2CC(CC(C1)O2)OC(=O)Oc1ccc(cc1)S(=O)(=O)c1ccc(cc1)OC(=O)O*,1.368
*NC(=O)CCCCCCCCC(=O)NCCCCCCCCCC*,1.04515
*C(C*)OC(=O)CCCCCCCCCCC,0.897
*OC(C*)COc1c(cccc1)Cl,1.414
*N=P(*)(OCC(F)(F)F)OCC(F)(F)F,1.473333333
*NC(C(=O)*)CCC(=O)OCc1cc(ccc1)Cl,1.343
*Oc1ccc(cc1)S(=O)(=O)c1ccc(cc1)Oc1c(cc(cc1)C(c1cc(c(cc1)*)[Si](C)(C)C)(C(F)(F)F)C(F)(F)F)[Si](C)(C)C,1.25
*[SiH](C#Cc1cc(ccc1)C#C*)c1ccccc1,1.3175
*C(C*)CCCCCCCC,0.857
*NC(=O)C(C(=O)NCCCCCC*)CCCCCCCCCCCCCCCCCC,0.975
*Sc1ccc(cc1)*,1.351409524
*C(C*)CC(CC)C,0.868333333
*NC(=O)C(C(=O)NCCCCCCCCC*)CCCCCCCCCCCC,0.977
*Oc1c(cc(c(c1)C(C)(C)C)Oc1ccc(cc1)C(=O)Nc1ccc(cc1)C(c1ccc(cc1)NC(=O)c1ccc(cc1)*)(C(F)(F)F)C(F)(F)F)C(C)(C)C,1.2
*N1C(=O)c2c(C1=O)cc(cc2)Oc1ccc(cc1)C(c1ccc(cc1)Oc1cc2c(C(=O)N(C2=O)c2ccc(cc2)Sc2ccc(cc2)Oc2ccc(cc2)Sc2ccc(cc2)*)cc1)(C)C,1.21
*OC(=O)CCCCCC(=O)OCC*,1.278
*C(C*)C(CC)C,0.885
*NC(=O)CCCCCCCCCCCCCCCCCCCCC(=O)NCCCCCCCCCCCC*,1.006
*c1oc2c(n1)cc(cc2)*,1.589
*Oc1ccc(cc1)C(c1ccc(cc1)Oc1ccc(cc1)C(=O)c1ccc(cc1)C(c1ccc(cc1)C(=O)c1ccc(cc1)*)(C)C)(C)C,1.166
*C(CC(C*)(c1ccc(cc1)OC(=O)C)OC(=O)C)(C#N)C#N,1.22
*n1c(=O)c2cc3c(cc2c1=O)c(=O)n(c3=O)c1ccc(cc1)Oc1ccc(cc1)Oc1ccc(cc1)*,1.5125
*OC1C(CCCC1)*,1.067
*NC(=O)CCCCCCCCCCCCCCCCC(=O)NCCc1ccc(cc1)CC*,1.055
*C(C*)(C(=O)OCc1cc(cc(c1)Cl)Cl)C,1.44
*NC(C(=O)*)CCC(=O)OCCCC,1.12
*C1(c2c(C(=O)O1)cccc2)c1cc(c(c(c1)Br)OC(=O)c1ccc(cc1)C(=O)Oc1c(cc(cc1Br)*)Br)Br,1.75
*C(C(=O)C*)c1cc(ccc1)C,1.166
*NC(=O)CCCCCCCCC(=O)NCCCP(CCC*)c1ccccc1,1.102
*C(C*)(C(=O)OCCC)Cl,1.3
*Oc1ccc(cc1)C(=O)OCCOC(=O)c1ccc(cc1)OCC*,1.364945455
*Oc1ccc(cc1)C1(c2ccccc2-c2ccccc12)c1ccc(cc1)Oc1ccc(cc1)C(=O)c1cc(ccc1)c1cc(ccc1)C(=O)c1ccc(cc1)*,1.22
*N1C(=O)c2c(C1=O)cc(cc2)Oc1ccc(cc1)C(c1ccc(cc1)Oc1cc2c(C(=O)N(C2=O)c2cc(cc(c2)C(F)(F)F)*)cc1)(C(F)(F)F)C(F)(F)F,1.44
*N1CCN(CC1)C(=O)OC1CC2CC(CC(C1)O2)OC(=O)*,1.206
*Oc1c2c(ccc1)c(ccc2)OC(=O)c1c(cccc1)C=Cc1ccc(cc1)C=Cc1c(cccc1)C(=O)*,1.213
*c1cc2c(C(=O)N(C2=O)c2c(cc(c(c2)C)N2C(=O)c3c(C2=O)cc(cc3)C(*)(C(F)(F)F)C(F)(F)F)C)cc1,1.39
*NC(=O)C(C(=O)NCCCCCC*)CCCC,1.052
*C(=CC(C*)C)C,0.908571429
*C(C*)C1CC1,0.95325
*Oc1ccc(cc1)c1ccc(cc1)OC(=O)CCCCCCCCCCC(=O)*,1.208
*C(C*)(CC(=O)OC1CCCCC1)C(=O)OC1CCCCC1,1.157
*NC(=O)CCCCCCCCCCCCCCCCCCCCC(=O)NCCCCCC*,1.032
*N1CCN(CC1)C(=O)C1C(C(C1c1ccccc1)C(=O)*)c1ccccc1,1.202
*OC(CC(=O)*)C(Cl)(Cl)Cl,1.81
*c1cc2c(C(=O)N(C2=O)c2cc(cc(c2)C(F)(F)F)N2C(=O)c3c(C2=O)cc(cc3)C(=O)*)cc1,1.457733333
*c1sc(cc1CCCCCCCC)c1sc(c(c1)CCCCCCCC)*,1.27
*C1C(=O)N(C(=O)C1C(C*)c1ccccc1)CCCCCCCCCC,1.071
*C1CC2CC(CC(C1)O2)OC(=O)Nc1ccc(cc1)Cc1ccc(cc1)NC(=O)O*,1.33
*Oc1ccc(cc1)S(=O)(=O)c1ccc(cc1)Oc1ccc(cc1)C(c1ccc(cc1)Oc1ccc(cc1)C(=O)c1ccc(cc1)*)(C)C,1.32
*NC(=O)CCCCCCCCCCC(=O)NCCCCCCCCCCCCCC*,1.027
*Oc1ccc(cc1)c1ccc(cc1)OC(=O)CCCCCCCCC(=O)*,1.239
*c1ccc2c(nc([nH]2)c2ccc3S(=O)(=O)c4c(-c3c2)cc(cc4)c2nc3c([nH]2)ccc(c3)C*)c1,1.124
*c1cc2C(c3c(-c2cc1)ccc(c3)c1cc2C(c3c(-c2cc1)ccc(c3)*)(c1c2ccc3cccc4ccc(cc1)c2c34)c1ccccc1)(c1ccc(cc1)OCC(CCCC)CC)c1ccc(cc1)OCC(CCCC)CC,1.04
*Oc1ccc(cc1)C(=O)OCCCCCCCCCCOC(=O)c1ccc(cc1)OC(=O)c1ccc(cc1)C(=O)*,1.294
*N1C(=O)c2c(C1=O)cc(cc2)Oc1ccc(cc1)C(c1ccc(cc1)Oc1cc2c(C(=O)N(C2=O)c2ccc(cc2)Oc2ccc(cc2)*)cc1)(C)C,1.303
*Oc1ccc(cc1)C(c1ccc(cc1)Oc1ccc(cc1)C(=O)c1ccc(cc1)C(c1ccc(cc1)C(=O)c1ccc(cc1)*)(C)C)(C(F)(F)F)C(F)(F)F,1.287
*OC(=O)CCCCC(=O)OCCCCCC*,1.112866667
*NC(=O)CCCCCCCCCCCCCCCCCCCCC(=O)NCCc1ccc(cc1)CC*,1.05
*Oc1cc(ccc1)OC(=O)c1cc(ccc1)C(=O)*,1.34
*NC(CCC(=O)*)C(=O)OC,1.16
*Oc1ccc(cc1)Sc1ccc(cc1)OC(=O)*,1.4275
*c1cc2n3c(-c4ccc(cc4C3=O)Oc3cc4-c5n(c6ccc(cc6n5)O*)C(=O)c4cc3)nc2cc1,1.379
*N1C(=O)c2c(C1=O)cc(cc2)Oc1ccc(cc1)Oc1cc2c(C(=O)N(C2=O)c2ccc(cc2)Oc2ccc(cc2)*)cc1,1.37
*N1C(=O)c2c(C1=O)cc(cc2)c1cc2c(C(=O)N(C2=O)c2ccc(cc2)Oc2ccc(cc2)*)cc1,1.3869675
*n1c(=O)c2cc3c(cc2c1=O)c(=O)n(c3=O)CCCCCCCC*,1.335
*NC(C(=O)*)CCC(=O)OCCCCCCCCCCCCCCCC,1.048
*NC(C(=O)*)(C)C,1.057
*Oc1c(cc(cc1Cl)C1(CCCCC1)c1cc(c(c(c1)Cl)OC(=O)*)Cl)Cl,1.38
*C(C*)(CC(=O)Oc1ccccc1)C(=O)Oc1ccccc1,1.24
*C(C*)(C(=O)OC1CCCCC1)C,1.100571429
*c1cc2c(C(=O)N(C2=O)c2c(ccc(c2)C(c2cc(c(cc2)O)N2C(=O)c3c(C2=O)cc(cc3)C(*)(C(F)(F)F)C(F)(F)F)(C(F)(F)F)C(F)(F)F)O)cc1,1.503333333
*NC(=O)CCCCCCCCCCCCC(=O)NCCCCCCCCCCCC*,1.02
*c1c2c(c(s1)*)OC(CO2)CCCCCC,1.68
*c1sc(c(c1OCCCC)OCCCC)C=C*,1.36
*Oc1ccc(cc1)S(=O)(=O)c1ccc(cc1)Oc1ccc(cc1)Cc1ccc(cc1)*,1.282
*Oc1ccc(cc1)S(=O)(=O)c1ccc(cc1)Oc1ccc(cc1)C(=O)c1cc(cc(c1)I)C(=O)c1ccc(cc1)*,1.504
*OC(C*)CS(=O)(=O)C,1.442
*Oc1ccc(cc1)C(c1ccc(cc1)OC(=O)*)c1ccccc1,1.24
*C(C(=O)*)(C)C,1.31
*Oc1c(cc(cc1)S(=O)(=O)c1cc(c(cc1)OCC(COc1ccc(cc1)S(=O)(=O)c1ccc(cc1)OCC(C*)O)O)C)C,1.35
*c1cc2c(C(=O)N(C2=O)c2ccc(cc2)Oc2ccc(cc2)N2C(=O)c3c(C2=O)cc(cc3)C(=O)Oc2ccc(cc2)C(c2ccc(cc2)OC(=O)*)(C)C)cc1,1.341
*C(=CCC*)C,0.983333333
*C(*)C(=O)OC,1.295
*n1c(=O)c2cc3c(cc2c1=O)c(=O)n(c3=O)c1ccc(cc1)C(c1ccc(cc1)*)(C)C,1.29125
*/C=C\CCC*,0.89
*Oc1c(cc(c(c1)C(C)(C)C)Oc1ccc(cc1)C(=O)Nc1ccc(cc1)C(c1ccc(cc1)NC(=O)c1ccc(cc1)*)(C)C)C(C)(C)C,1.112
*NC(CC(=O)*)C,1.184666667
*c1cc2-c3n(c4ccc(cc4n3)Oc3ccc4n5c(-c6ccc(cc6C5=O)C(*)(C(F)(F)F)C(F)(F)F)nc4c3)C(=O)c2cc1,1.405
*C(C*)(C(=O)OC)C,1.178952033
*c1cc2-c3n(c4ccc(cc4n3)Oc3cc4n5c(-c6ccc(cc6C5=O)Oc5ccc(cc5)O*)nc4cc3)C(=O)c2cc1,1.357
*N1C(=O)c2c(C1=O)cc(cc2)Sc1cc2c(C(=O)N(C2=O)c2c(cc(c(c2C)*)C)C)cc1,1.286
*NC(=O)C*,1.55
*c1ccc(cc1)c1c(cc(c(c1)OCCCCCC)c1ccc(cc1)C=C1C(=O)C(=C*)CCC1)OCCCCCC,1.18
*C(C(=O)C*)c1ccccc1,1.26975
*Oc1ccc(cc1)S(=O)(=O)c1ccc(cc1)Oc1ccc(cc1)C(=O)c1cc(cc(c1)C(C)(C)C)C(=O)c1ccc(cc1)*,1.24
*N1C(=O)c2c(C1=O)cc(cc2)C(=O)Nc1ccc(cc1)NC(=O)C*,1.397
*c1cc2c(C(=O)N(C2=O)c2ccc(cc2)C(c2cc(ccc2)C(c2ccc(cc2)N2C(=O)c3c(C2=O)cc(cc3)C(=O)*)(C)C)(C)C)cc1,1.275
*OC(=O)CCCCCCCCC(=O)OCCCCCCCCCC*,1.056
*C(C*)C(=O)OCCO,1.249
*N1C(=O)c2c(C1=O)cc(cc2)C(=O)Nc1ccc(cc1)Oc1ccc(cc1)NC(=O)C*,1.362
*c1nc(nc(n1)Oc1c(cccc1)C(=O)Oc1c(cccc1)OC(=O)c1c(cccc1)O*)N(CC)c1ccccc1,1.2
*Nc1ccc(cc1)C(c1ccc(cc1)NC(=O)c1cc(ccc1)C(=O)*)(C(F)(F)F)C(F)(F)F,1.4077
*O[Si](CCCCCC[Si](*)(C)C)(C)C,0.892
*NC(C(=O)*)CC(=O)OCCc1ccccc1,1.3125
*N=P(*)(F)F,2.335
*OC(=O)c1ccc(cc1)C(=O)OCCCCCc1ccc(cc1)CCCCC*,1.24
*NC(=O)CCCCC(=O)NCc1cc(ccc1)C*,1.220757143
*OC(=O)CCC(=O)OCC1CCC(CC1)C*,1.195
*C(C*)CC(C)C,0.832945
*C(C*)(C(=O)OCCOCC)C,1.169
*C=CCC*,0.9027
*c1cc2c(C(=O)N(C2=O)c2ccc(cc2)Sc2ccc(cc2)Oc2ccc(cc2)Sc2ccc(cc2)N2C(=O)c3c(C2=O)cc(cc3)C(=O)Nc2ccc(cc2)C2(c3ccccc3-c3ccccc23)c2ccc(cc2)NC(=O)*)cc1,1.239
*C(C*)(C(=O)OCc1c(cccc1)Cl)C,1.23
*NC(=O)CCc1ccc(cc1)CCC(=O)NCCCCCCCCCCCC*,1.08
*NC(=O)CCCCCCCCCCCCCCCCC(=O)NCCCCCCCCCCCC*,1.01
*C(C*)(C(=O)Oc1c(cc(cc1OC)C=Cc1ccccc1)OC)C,1.253
*N1C(CCC1)C(=O)N1C(CCC1)C(=O)NCC(=O)*,1.31
*NC(C(=O)*)CC(C)C,1.07
*C(C*)(C(=O)OCc1cc(c(cc1)Cl)Cl)C,1.423
*c1cc2c(C(=O)N(C2=O)c2ccc(cc2)Cc2ccc(cc2)NC(=O)*)cc1,1.344
*OC(=O)CCCCCC(=O)OCCCCC*,1.151
*=C=C=C(C(=*)COS(=O)(=O)c1ccc(cc1)F)COS(=O)(=O)c1ccc(cc1)F,1.6015
*NC(=O)CCCCCCCCC(=O)NC*,1.21
*c1cc2c(C(=O)N(C2=O)c2c(ccc(c2)C(=O)Nc2c3c(ccc2)c(ccc3)NC(=O)c2cc(c(cc2)C)N2C(=O)c3c(C2=O)cc(cc3)C(*)(C(F)(F)F)C(F)(F)F)C)cc1,1.363
*Oc1ccc(cc1)c1ccc(cc1)OC(=O)c1c(cc(c(c1)C(=O)OCCCCCCCCCC)C(=O)*)C(=O)OCCCCCCCCCC,1.13
*c1nc(nc(n1)Oc1c2c(ccc1C(=O)Oc1ccc(cc1)C1(CCCCC1)c1ccc(cc1)OC(=O)c1c(c3c(cc1)cccc3)O*)cccc2)N1CCCCC1,1.143
*c1nc(nc(n1)Oc1ccc(cc1)C(c1ccc(cc1)O*)(C)C)Oc1ccc(cc1)[N+](=O)[O-],1.133
*NC(=O)CCCCCCCCCCCCCCCCC*,1.02
*=C=C=C(C(=*)COC(=O)NCC)COC(=O)NCC,1.28
*C(C*)(C(=O)OCC(F)(F)F)C,1.4531
*C(=CCCC*)c1ccccc1,1.04
*C(C*)OC(=O)CCCCC,0.975
*Oc1ccc(cc1)C1(c2ccccc2-c2ccccc12)c1ccc(cc1)OC(=O)*,1.219
*N1C(CCC1)C(=O)NCC(=O)NC(C(=O)*)C,1.41
*Oc1ccc(cc1)C(c1ccc(cc1)OC(=O)c1ccc(cc1)C(=O)*)(C(F)(F)F)C(F)(F)F,1.4041
*NC(CC(=O)*)C(=O)OC,1.36
*Oc1ccc(cc1)C(c1ccc(cc1)OC(=O)c1ccc(cc1)C(=O)c1ccc(cc1)C(=O)*)(C)C,1.231
*c1cc2c(C(=O)N(C2=O)c2cc(ccc2)Oc2ccc(cc2)C(c2ccc(cc2)Oc2cc(ccc2)N2C(=O)c3c(C2=O)cc(cc3)C(*)(C(F)(F)F)C(F)(F)F)(C(F)(F)F)C(F)(F)F)cc1,1.446
*NC(=O)CCCCCCCCCCCCC(=O)NCc1ccc(cc1)C*,1.11
*C(=C*)c1ccc(cc1)n1c(=O)c2cc3c(cc2c1=O)c(=O)n(c3=O)c1ccc(cc1)C#C,1.29
*NC(CC(=O)*)C(=O)OCCCC,1.18
*Nc1ccc(cc1)C1(c2ccccc2-c2ccccc12)c1ccc(cc1)NC(=O)c1cc(cc(c1)C(C)(C)C)C(=O)*,1.1756
*NC(=O)CCc1ccc(cc1)CCC(=O)NCCCCCCCCCCCCCCCCCC*,1.034
*C(C*)(CC(=O)OC)C(=O)OC,1.26
*C(C*)(C(=O)Oc1ccccc1)C,1.2235
*NC(=O)c1ccc(cc1)C(=O)NCCCCCCCCCCCC*,1.152
*OC(=O)NCCCCCCNC(=O)OCCCCCC*,1.23
*C(C*)(C(=O)OCCC#N)C,1.24
*C(C*)(C(=O)OCCC[Si](O[Si](C)(C)C)(O[Si](C)(C)C)O[Si](C)(C)C)C,1.1015
*c1nc(nc(n1)Oc1cc2c(cc1C(=O)Nc1ccc(cc1)NC(=O)c1cc3c(cc1O*)cccc3)cccc2)Nc1cc2c(cc1)cccc2,1.19
*Oc1ccc(cc1)C(c1ccc(cc1)OC(=O)*)(CC)C,1.18
*Oc1ccc(cc1)C(c1ccc(cc1)Oc1c(c(c(c(c1F)F)COC(c1cc(ccc1)C(OCc1c(c(c(c(c1F)F)*)F)F)(C(F)(F)F)C(F)(F)F)(C(F)(F)F)C(F)(F)F)F)F)(C(F)(F)F)C(F)(F)F,1.594
*NC(CCCCC(=O)*)C,1.08
*OC(C*)C(C)(C)C,0.975
*c1nc(nc(n1)Oc1c2c(ccc1C(=O)OCCOCCOCCOC(=O)c1c(c3c(cc1)cccc3)O*)cccc2)N1CCCCC1,1.127
*OC(C(C(*)(F)F)(F)F)(F)F,1.86245
*Oc1c(cccc1)OC(=O)c1c(cccc1)C=Cc1ccc(cc1)C=Cc1c(cccc1)C(=O)*,1.187
*NC(=O)CCCCCCC(=O)NCCCCCC*,1.143
*C(C*)[SiH2]CC,0.98
*C(C*)(C(=O)OCCOCCO)C,1.26
*N(C(=O)CCCCCCCCC(=O)N(CC*)C)C,1.278
*OC(=O)c1ccc(cc1)C(c1ccc(cc1)C(=O)OCC*)(CC)C,1.2
*NC(C(=O)*)CCCNC(=O)c1ccccc1,1.27
*c1cc2c(C(=O)N(C2=O)c2c(c(c(c(c2C)C)N2C(=O)c3c(C2=O)cc(cc3)C(=O)*)C)C)cc1,1.243
*c1cc2c(C(=O)N(C2=O)c2ccc(cc2)Oc2c(cc(cc2C)Cc2cc(c(c(c2)C)Oc2ccc(cc2)N2C(=O)c3c(C2=O)cc(cc3)C(=O)*)C)C)cc1,1.2957
*C(C*)OC(=O)c1ccncc1,1.288
*n1c(=O)c2cc3c(cc2c1=O)c(=O)n(c3=O)c1cc(c(cc1)c1c(cc(cc1)*)F)F,1.51
*NC(=O)CC(CCC*)C,1.11
*/C(=C(/CC*)\Cl)/Cl,1.61
*NC(C(=O)*)CCC(=O)OCCCc1ccccc1,1.08
*n1c(=O)c2cc3c(cc2c1=O)c(=O)n(c3=O)c1ccc(cc1)Cc1ccc(cc1)*,1.331075455
*N1C(=O)c2c(C1=O)cc(cc2)Sc1cc2c(C(=O)N(C2=O)c2ccc(cc2)Cc2ccc(cc2)*)cc1,1.343
*c1ccc2c(nc([nH]2)c2ccc3sc4c(c3c2)cc(cc4)c2nc3c([nH]2)ccc(c3)O*)c1,1.208
*OC(*)C(Cl)Cl,2.072
*N1C(=O)c2c(C1=O)cc(cc2)c1cc2c(C(=O)N(C2=O)c2ccc(cc2)Cc2ccc(cc2)*)cc1,1.33319
*C(CC(C*)(c1ccc(cc1)OC(=O)CCC)OC(=O)C)(C#N)C#N,1.2
*NC(=O)CCC(CC*)C,1.08
*C(C*)(C(=O)OCCC)C,1.076857143
*C(C*)(Br)Br,3.065
*C(C*)OC(=O)CCCCCCCCCCCCCCC,0.891
*N=P(*)(Oc1ccc(cc1)C(C)C)Oc1ccc(cc1)C(C)C,1.205
*OC(=O)c1c(cc(cc1)C(=O)OCCN(CC*)c1ccc(cc1)N=Nc1ccc(cc1)C=Cc1nc2c(n1CC)cc(cc2)[N+](=O)[O-])OC,1.29
*NC(C(=O)*)CCC(=O)OCc1c(cccc1)Cl,1.382
*N(C(=O)CCCCCCCCCC*)C,1.005
*c1ccc(cc1)/C=C/*,1.283
*N1C(=O)c2c(C1=O)cc(cc2)Oc1cc2c(C(=O)N(C2=O)c2ccc(cc2)Oc2ccc(cc2)*)cc1,1.408
*NC(C(=O)*)CCSC,0.88
*n1c(=O)c2cc3c(cc2c1=O)c(=O)n(c3=O)c1ccc(cc1)Oc1ccc(cc1)Oc1ccc(cc1)Oc1ccc(cc1)*,1.49
*c1cc2c(C(=O)N(C2=O)c2c(cc(cc2C)C2(c3ccccc3-c3ccccc23)c2cc(c(c(c2)C(C)C)N2C(=O)c3c(C2=O)cc(cc3)C(*)(C(F)(F)F)C(F)(F)F)C)C(C)C)cc1,1.18
*c1sc(cc1CCCCCC)*,1.145666667
*NC(CC(=O)*)C(=O)OCCCCCCCCCCCCCCCCCC,1.03
*OC(=O)c1ccc(cc1)C(=O)OCC(C*)(CC)C,1.191666667
*OC(=O)c1c(cccc1)C(=O)OCC*,1.37925
*Oc1ccc(cc1)C(c1ccc(cc1)OC(=O)*)(c1ccccc1)C,1.2085
*OCC(C*)(CS(=O)(=O)C)CS(=O)(=O)C,1.48
*c1cc2c(C(=O)N(C2=O)c2c(cc(cc2)Cc2cc(c(cc2)N2C(=O)c3c(C2=O)cc(cc3)C(*)(C(F)(F)F)C(F)(F)F)C(F)(F)F)C(F)(F)F)cc1,1.37
*N1C(=O)c2c(C1=O)cc(cc2)C(=O)Nc1ccc(cc1)Oc1c(c(c(c(c1F)F)Oc1ccc(cc1)NC(=O)C*)F)F,1.4301
*C(C*)C(=O)N(CCCC)CCCC,1.06
*c1cc2c(C(=O)N(C2=O)c2c(cc(cc2C)c2cc(c(c(c2)C)N2C(=O)c3c(C2=O)cc(cc3)C(*)(C(F)(F)F)C(F)(F)F)C)C)cc1,1.32165
*C(C*)OC(=O)CCC,1.026
*NC(=O)C(C(=O)NCCCCCCC*)CCCCCCCCCCCC,0.987
*c1oc(nn1)c1ccc(cc1)C1(c2c(C(=O)O1)cccc2)c1ccc(cc1)*,1.3195
*C1C2C(C(=O)N(C2=O)CCCCC)C(C1)C=C*,1.125
*NC(=O)CCCCCCCC(=O)NCCCCCC*,1.0974
*Oc1ccc(cc1)c1ccc(cc1)OC(=O)CCCCCCCCCCCC(=O)*,1.176
*NC(=O)CCCCCCCCCCCCCCCCC(=O)NCCCCCC*,1.04
*Nc1ccc(cc1)Cc1ccc(cc1)NC(=O)c1c(cc(c(c1)C(=O)O)C(=O)*)C(=O)O,1.2705
*C(C(*)(F)F)(C(F)(F)F)F,2.005
*C(C*)Cl,1.380575
*NC(=O)CCCCCCC(=O)NCCCCCCC*,1.112
*C(C*)c1c(cccc1)F,1.29
*OC(C*)CS(=O)(=O)CCCCC,1.249
*Oc1ccc(cc1)C(=O)OCCCCOC(=O)c1ccc(cc1)OC(=O)c1ccc(cc1)C(=O)*,1.29
*NC(C(=O)*)CCC(=O)OCCC,1.16
*Nc1c(cc(cc1)*)C,1.315
*NC(=O)CCCCCC(=O)NC*,1.24
*NC(=O)C(=O)NCCCP(CCC*)c1ccccc1,1.208
*n1c(=O)c2cc3c(cc2c1=O)c(=O)n(c3=O)c1c(cc(cc1)c1cc(c(cc1)*)C)C,1.3468
*Oc1c(cc(cc1C)C1C(CC(CC1)C(c1cc(c(c(c1)C)OC(=O)c1ccc(cc1)C(=O)*)C)(C)C)C)C,1.05
*C(C*)(C(=O)OCCCCCCCCCCCC)C,0.93
*C(C*)CO,1.269
*OC(C*)COC,1.095
*C(C*)OC(=O)CCCC(=O)c1ccccc1,0.851
*NC(=O)CCCCCCCCC(=O)NCCCCCCCCCCCCCC*,1.042
*OC(=O)c1cc2c(cc1)cc(cc2)C(=O)OCC*,1.34813871
*Oc1ccc(cc1)c1ccc(cc1)OC(=O)c1c(cc(c(c1)C(=O)OCCCCCC)C(=O)*)C(=O)OCCCCCC,1.19
*/C(=C\CC*)/C,0.926284211
*C(C*)(C(=O)OCCCCCCCC)C,0.978
*N1C(=O)c2c(C1=O)cc(cc2)c1cc2c(C(=O)N(C2=O)c2c(ccc(c2)C(c2cc(c(cc2)O)*)(C(F)(F)F)C(F)(F)F)O)cc1,1.47
*C1CC2CC(CC(C1)O2)OC(=O)O*,1.31
*C(C*)(C(=O)OCCCCCCCCCC)C,0.9696
*C(C*)n1cncn1,1.132
*C(C*)c1ccccc1,1.033087171
*NC(C(=O)*)CC(=O)OCCC,1.24
*c1cc2c(C(=O)N(C2=O)c2ccc(cc2)C(c2ccc(cc2)N2C(=O)c3c(C2=O)cc(cc3)C(*)(C(F)(F)F)C(F)(F)F)(C(F)(F)F)C(F)(F)F)cc1,1.475585714
*N1C(=O)c2c(C1=O)cc(cc2)[Si](c1cc2c(C(=O)N(C2=O)c2ccc(cc2)Oc2ccc(cc2)*)cc1)(C)C,1.286
*C1(c2c(C(=O)O1)cccc2)c1ccc(cc1)OC(=O)c1ccc(cc1)C(=O)Oc1ccc(cc1)*,1.3155
*NC(=O)NCCCP(CCC*)c1ccccc1,1.174
*NC(=O)C(C(=O)NCCCCCCCCCC*)CCCCCCCCCCCC,0.975
*c1c(nc2c(n1)cc(cc2)c1cc2c(nc(c(n2)c2ccc(cc2)*)c2ccccc2)cc1)c1ccccc1,1.32
*NC(=O)CC*,1.354
*Oc1ccc(cc1)S(=O)(=O)c1ccc(cc1)OC(=O)c1c(cccc1)C=Cc1ccc(cc1)C=Cc1c(cccc1)C(=O)*,1.298
*c1cc2c(C(=O)N(C2=O)c2c(cc(cc2)C(c2cc(c(cc2)C)N2C(=O)c3c(C2=O)cc(cc3)C(*)(C(F)(F)F)C(F)(F)F)(C(F)(F)F)C(F)(F)F)C)cc1,1.422
*SC(C*)C(C)(C)C,1.05
*OCOCCCCC*,1.17
*C(*)C(=O)OC(C)C,1.126
*NC(=O)CCCC(=O)NC*,1.36
*n1c(=O)c2cc3c(cc2c1=O)c(=O)n(c3=O)c1c(cc(cc1)Cc1cc(c(cc1)*)C)C,1.32124
*C(C*)CCC(CC)C,0.9
*N1C(=O)c2c(C1=O)cc(cc2)c1cc2c(C(=O)N(C2=O)c2ccc(cc2)c2ccc(cc2)c2ccc(cc2)*)cc1,1.39557
*OCC(C*)(COCC)COCC,1.06
*c1cc2c(C(=O)N(C2=O)c2c(cc(cc2)c2cc(c(cc2)N2C(=O)c3c(C2=O)cc(cc3)C(=O)Oc2ccc(cc2)C(c2ccc(cc2)OC(=O)*)(C)C)C)C)cc1,1.281
*Oc1ccc(cc1)C(=O)OCC*,1.368333333
*NC(=O)CCC*,1.281333333
*N1C(=O)c2c(C1=O)cc(cc2)c1cc2c(C(=O)N(C2=O)c2c(cc(cc2)Cc2cc(c(cc2)*)C)C)cc1,1.29704
*OC(=O)c1ccc(cc1)C(=O)NCCCCCCCCCCCCNC(=O)c1ccc(cc1)C(=O)OCC*,1.213
*N1C(=O)c2c(C1=O)cc(cc2)c1cc2c(C(=O)N(C2=O)c2cc(c(c(c2)C(=O)OCCCCCCCC)c2c(cc(cc2Br)*)C(=O)OCCCCCCCC)Br)cc1,1.275
*Oc1ccc(cc1)C(c1ccc(cc1)OC(=O)*)(C)C,1.199975349
*C(C*)SC,1.184
*c1cc2c(C(=O)N(C2=O)c2c(cc(cc2)c2cc(c(cc2)N2C(=O)c3c(C2=O)cc(cc3)C(=O)Nc2ccc(cc2)C(c2ccc(cc2)NC(=O)*)(C(F)(F)F)C(F)(F)F)OC)OC)cc1,1.408
*C(C*)OC(=O)c1ccc(cc1)C(C)(C)C,1.112
*c1cc2c(C(=O)N(C2=O)c2ccc(cc2)C(c2ccc(cc2)N2C(=O)c3c(C2=O)cc(cc3)C(*)(C(F)(F)F)C(F)(F)F)(C)C)cc1,1.355
*c1cc2c(C(=O)N(C2=O)c2ccc(cc2)Oc2ccc(cc2)N2C(=O)c3c(C2=O)cc(cc3)C(CCCCC(*)(C)C)(C)C)cc1,1.2
*N(CC*)C(=O)CCCCCCC,1.01
*Oc1cc2c(cc1)ccc(c2)OC(=O)c1c(cccc1)C=Cc1ccc(cc1)C=Cc1c(cccc1)C(=O)*,1.225
*N(CCCNC(=O)CCCCC(=O)NCCC*)C,1.115
*OC(CC(=O)*)CC,1.28
*C(C*)(C(=O)OC(CC)C)C,1.0544
*Oc1ccc(cc1)C(c1ccc(cc1)OC(=O)*)CCC,1.17
*C(C*)C(=O)OC1CCCCC1,1.103333333
*C(C*)(C(=O)OC(CC)C)Cl,1.24
*c1nc(nc(n1)Oc1c(cccc1)C(=O)Oc1ccc(cc1)OC(=O)c1c(cccc1)O*)N(CC)c1ccccc1,1.182
*OC(C(*)(F)F)(C(F)(F)F)F,1.887
*c1nc(nc(n1)Oc1c2c(ccc1C(=O)Oc1cc(ccc1)OC(=O)c1c(c3c(cc1)cccc3)O*)cccc2)N1CCCCC1,1.191
*C(C*)CCCCC,0.8354
*C(C*)C(=O)Oc1ccc(cc1)c1ccccc1,1.236
*OC(=O)CCCCCC(=O)OCCCCCC*,1.021
*c1cc2c(C(=O)N(C2=O)c2c(cc(cc2C)c2cc(c(c(c2)C)NC(=O)*)C)C)cc1,1.241
*c1ccc(cc1)/C=C/c1c(cc(c(c1)CCCCCCCC)/C=C/*)CCCCCCCC,0.95
*O[Si](CCC(C(C(C(C(C(C(C(CC[Si](*)(CCC(F)(F)F)C)(F)F)(F)F)(F)F)(F)F)(F)F)(F)F)(F)F)(F)F)(CCC(F)(F)F)C,1.63
*NC(=O)Cc1ccc(cc1)CC(=O)NCCCCCCCCCCCCCC*,1.075
*c1cc2c(C(=O)N(C2=O)c2cc(c(cc2)c2c(cc(cc2)N2C(=O)c3c(C2=O)cc(cc3)C(=O)*)C)C)cc1,1.285
*C(C*)(CC(=O)Oc1ccc(cc1)C)C(=O)Oc1ccc(cc1)C,1.07
*C(C*)C1CCCCCC1,0.926
*NC(=O)CCc1ccc(cc1)CCC(=O)NCCCCCCCCCCCCCC*,1.070333333
*N1C(=O)c2c(C1=O)cc(cc2)c1cc2c(C(=O)N(C2=O)c2cc(c(c(c2)C(=O)OCCCCCC)c2c(cc(cc2Br)*)C(=O)OCCCCCC)Br)cc1,1.335
*c1nc(nc(n1)Oc1c2c(ccc1C(=O)Oc1c3C(=O)c4c(C(=O)c3c(cc1)OC(=O)c1c(c3c(cc1)cccc3)O*)cccc4)cccc2)N1CCCCC1,1.172
*n1c(=O)c2cc3c(cc2c1=O)c(=O)n(c3=O)c1c(ccc(c1)C(c1cc(c(cc1)O)*)(C(F)(F)F)C(F)(F)F)O,1.54
*NC(=O)CCCCCCCC*,1.076055556
*C(C*)(C(=O)OCc1c(ccc(c1)Cl)Cl)C,1.45
*NC(C(=O)*)CCC(=O)OCCCCCC,1.083333333
*N1C(=O)c2ccc3C(=O)N(C(=O)c4ccc(C1=O)c2c34)c1ccc(cc1)Oc1c(cc(cc1)C(c1cc(c(cc1)Oc1ccc(cc1)*)S(=O)(=O)O)(C(F)(F)F)C(F)(F)F)S(=O)(=O)O,1.4325
*n1c(=O)c2cc3c(cc2c1=O)c(=O)n(c3=O)c1cc(c(cc1)c1c(cc(cc1)*)OC)OC,1.39
*c1nc2c(nc1c1ccccc1)cc(cc2)c1cc2c(nc(c(n2)c2ccc(cc2)*)c2ccccc2)cc1,1.315
*N1C(=O)c2c(C1=O)cc(cc2)Oc1cc2c(C(=O)N(C2=O)c2ccc(cc2)c2cc(c(cc2)Oc2cc3c(C(CC3(c3ccc(cc3)Oc3c(cc(cc3)c3ccc(cc3)*)C(F)(F)F)C)(C)C)cc2)C(F)(F)F)cc1,1.14
*C(C*)CCC,0.8895
*c1cc2c(C(=O)N(C2=O)c2c(c(ccc2)N2C(=O)c3c(C2=O)cc(cc3)C(*)(C(F)(F)F)C(F)(F)F)C)cc1,1.418
*SCCCCCCC(=O)NCc1ccc(cc1)CNC(=O)CCCCCC*,1.157
*OC(=O)CC*,1.400666667
*Oc1c(cc(cc1c1ccccc1)*)c1ccccc1,1.221
*OC(C(*)C)C,1.081
*N1C(=O)c2c(C1=O)cc(cc2)Oc1cc2c(C(=O)N(C2=O)c2ccc(cc2)Oc2ccc(cc2)Oc2ccc(cc2)*)cc1,1.455
*c1cc2c(C(=O)N(C2=O)c2c(ccc(c2)N2C(=O)c3c(C2=O)cc(cc3)C(*)(C(F)(F)F)C(F)(F)F)C)cc1,1.42505
*/C=C/CC*,0.990132308
*OC(=O)CCCCCCCC(=O)OCCCCCC*,1.0312
*c1cc2c(C(=O)N(C2=O)c2c(cc(cc2)N2C(=O)c3c(C2=O)cc(cc3)C(=O)*)C)cc1,1.39635
*OC(=O)CCCCC(=O)OCCCCCCCCCC*,1.087
*Oc1c(cc(cc1)C(=O)*)CCCCCCCCCCCCCCCCCC,1.155
*Oc1ccc(cc1)OC(=O)c1c(cccc1)C=Cc1ccc(cc1)C=Cc1c(cccc1)C(=O)*,1.184
*c1nc(nc(n1)Oc1c2c(ccc1C(=O)OCCOC(=O)c1c(c3c(cc1)cccc3)O*)cccc2)N1CCCCC1,1.119
*NC(C(=O)*)CCC(=O)NCCCO,1.15
*c1c(cc(c(c1)[N+](=O)[O-])C#Cc1c(cc(c(c1)C#C*)OCCOCCOC)OCCOCCOC)N,1.123
*Oc1ccc(cc1)C(c1ccc(cc1)OC(=O)c1cc(ccc1)C(=O)*)(c1ccccc1)C,1.2289
*Nc1ccc(cc1)C(=O)c1ccc(cc1)NC(=O)c1cc(ccc1)C(=O)*,1.3225
*OC(C*)C[N-][N+]#N,1.29
*c1cc2c(C(=O)N(C2=O)c2ccc(cc2)C(=O)OCCOC(=O)*)cc1,1.38
*N1C(=O)c2c(C1=O)cc(cc2)Oc1ccc(cc1)Oc1cc2c(C(=O)N(C2=O)c2c(cc(cc2)Cc2cc(c(cc2)*)OC)OC)cc1,1.321
*c1cc2c(C(=O)N(C2=O)c2ccc(cc2)N(CCN(c2ccc(cc2)N2C(=O)c3c(C2=O)cc(cc3)C(*)(C(F)(F)F)C(F)(F)F)C)C)cc1,1.3802
*C1C(CC(C1)C=C*)[Si](C)(C)C,0.919
*OC(=O)c1cc2c(cc1)ccc(c2)C(=O)OCC*,1.35
*C(C(CC*)Cl)Cl,1.456666667
*N1C(=O)c2c(C1=O)c(ccc2)Oc1c(cc(c(c1)C(C)(C)C)Oc1c2c(C(=O)N(C2=O)c2ccc(cc2)Oc2ccc(cc2)c2ccc(cc2)Oc2ccc(cc2)*)ccc1)C(C)(C)C,1.182
*NC(CC(=O)*)(C)C,1.11
*NC(=O)CCCCC(=O)NCCCCCCC*,1.1135
*c1cc2c(C(=O)N(C2=O)c2cc(ccc2)C=CC(=O)Nc2cc(ccc2)NC(=O)*)cc1,1.25
*/C=C/*,1.145416667
*C(C*)CCC(C)C,0.853333333
*/C=C/C(C*)C,0.955
*Sc1ccc(cc1)c1ccc(cc1)SC(=O)c1cc(ccc1)C(=O)*,1.335
*Nc1cc(ccc1)NC(=O)c1ccc(cc1)C(=O)*,1.36
*NC(C(=O)*)Cc1ccc(cc1)OC(=O)OCc1ccccc1,1.19
*N1C(=O)c2c(C1=O)cc(cc2)Oc1cc(ccc1)C(c1ccc(cc1)Oc1cc2c(C(=O)N(C2=O)c2ccc(cc2)*)cc1)(C)C,1.282
*C(C*)OCCCCCCCCCCCC,0.892
*NC(=O)CCCC*,1.23
*Nc1ccc(cc1)C1(c2ccccc2-c2ccccc12)c1ccc(cc1)NC(=O)c1ccc(cc1)C(=O)*,1.2408
*C(C*)C(=O)n1c2ccccc2c2ccccc12,1.3235
*N1C(=O)c2c(C1=O)cc(cc2)Oc1cc2c(C(=O)N(C2=O)CCCCCCCCCCCC*)cc1,1.23
*C(C*)C(=O)OC1CCCCCCCCCCC1,1.05
*Oc1cc(c(c(c1)Br)C(c1c(cc(cc1Br)Oc1nc(ncn1)*)Br)(C)C)Br,1.18
*OCOCCCCCC*,1.13
*c1nc(nc(n1)Oc1c(cccc1)C(=O)Oc1ccc(cc1)S(=O)(=O)c1ccc(cc1)OC(=O)c1c(cccc1)O*)N1CCOCC1,1.294
*Oc1ccc(cc1)C(c1ccc(cc1)OC(=O)c1ccc(cc1)C(=O)*)(C)C,1.222666667
*C1C(C(C(C1)C=C*)(F)F)(C(F)(F)F)C(F)(F)F,1.568
*OC(C*)CCl,1.3765625
*N1C(=O)c2c(C1=O)cc(cc2)Oc1ccc(cc1)Oc1cc2c(C(=O)N(C2=O)c2ccc(cc2)C(=O)c2ccc(cc2)*)cc1,1.368
*Oc1c(cc(c(c1)C(C)(C)C)Oc1ccc(cc1)C(=O)Nc1c(cc(cc1C)Cc1cc(c(c(c1)C(C)C)NC(=O)c1ccc(cc1)*)C)C(C)C)C(C)(C)C,1.063
*c1ccc(cc1)*,1.33
*N1C(=O)c2c(C1=O)cc(cc2)Sc1cc2c(C(=O)N(C2=O)c2ccc(cc2)Oc2ccc(cc2)*)cc1,1.383
*NC(=O)Cc1ccc(cc1)CC(=O)NCCCCCCCCCCCCCCCCCC*,1.036
*OCC(C*)(C[N-][N+]#N)C[N-][N+]#N,1.166666667
*c1cc2c(C(=O)N(C2=O)c2c(cc(cc2)Cc2cc(c(cc2)N2C(=O)c3c(C2=O)cc(cc3)C(*)(C(F)(F)F)C(F)(F)F)C(C)(C)C)C(C)(C)C)cc1,1.21
*NC(=O)C(C(=O)NCCCCCC*)CCCCCCCCCCC,1.004
*c1cc2c(C(=O)N(C2=O)c2c(cc(cc2C)c2cc(c(c(c2)C)N2C(=O)c3c(C2=O)cc(cc3)C(=O)Nc2ccc(cc2)C(c2ccc(cc2)NC(=O)*)(C(F)(F)F)C(F)(F)F)C)C)cc1,1.31
*O[Si](O[Si](O[Si](*)(c1ccccc1)c1ccccc1)(c1ccccc1)c1ccccc1)(c1ccc(cc1)C)c1ccccc1,1.17
*c1cc2c(C(=O)N(C2=O)c2ccc3Cc4c(-c3c2)cc(cc4)N2C(=O)c3c(C2=O)cc(cc3)C(*)(C(F)(F)F)C(F)(F)F)cc1,1.423
*N1C(=O)c2c(C1=O)cc(cc2)Oc1ccc(cc1)Oc1cc2c(C(=O)N(C2=O)c2ccc(cc2)C(c2ccc(cc2)*)(C)C)cc1,1.298
*c1cc2C(c3c(-c2cc1)ccc(c3)*)(CCCCCCCC)CCCCCCCC,0.88
*c1cc2c(C(=O)N(C2=O)c2cc(c(cc2)C(=O)Nc2ccc(cc2)C(c2ccc(cc2)NC(=O)*)(C(F)(F)F)C(F)(F)F)C)cc1,1.395
*c1cc2c(C(=O)N(C2=O)c2ccc(cc2)Oc2ccc(cc2)Oc2ccc(cc2)N2C(=O)c3c(C2=O)cc(cc3)C(*)(C(F)(F)F)C(F)(F)F)cc1,1.414
*Sc1ccc(cc1)c1ccc(cc1)SC(=O)CCCCCCCCC(=O)*,1.263
*C(C*)(Cl)Cl,1.831771429
*Oc1cc(ccc1)OC(=O)c1ccc(cc1)NC(=O)c1ccc(cc1)C(=O)*,1.13
*C(=C(*)C)[Ge](C)(C)C,1.166666667
*N1C(=O)c2c(C1=O)cc(cc2)c1cc2c(C(=O)N(C2=O)c2c(cc(c(c2C)*)C)C)cc1,1.241
*NC(=O)CCCCCCCCCCCCCCCCCCCCC(=O)NCCCCCCCCCCCCCC*,0.999
*C(C*)c1ccncc1,1.134133333
*C#CC(=C(*)COS(=O)(=O)c1ccc(cc1)C)COS(=O)(=O)c1ccc(cc1)C,1.492
*c1cc2c(C(=O)N(C2=O)c2cc(cc(c2)C(F)(F)F)N2C(=O)c3c(C2=O)cc(cc3)C(*)(C(F)(F)F)C(F)(F)F)cc1,1.512
*C(C*)(c1ccc(cc1)OC(=O)CC)OC(=O)C,1.238
*OC(=O)c1cc2c(C(CC2(c2ccc(cc2)C(=O)OCC*)C)(C)C)cc1,1.19
*N=P(*)(Oc1ccc(cc1)F)Oc1ccc(cc1)F,1.455
*OC(CC(=O)*)C(Cl)Cl,1.74
*Oc1ccc(cc1)c1ccc(cc1)OC(=O)CCCCCCCCCC(=O)*,1.204
*Oc1c(cc(cc1)OC(=O)c1ccc(cc1)C(=O)*)c1ccccc1,1.313
*C(C*)C(=O)OCCC(OC)C,1.1587
*N1C(=O)c2c(C1=O)cc(cc2)c1cc2c(C(=O)N(C2=O)c2cc(c(c(c2)C(=O)OCCCCCCCCCCCCCCCCCC)c2c(cc(cc2Br)*)C(=O)OCCCCCCCCCCCCCCCCCC)Br)cc1,1.145
*OC(=O)c1cc(ccc1)C(=O)OCCOCC*,1.3241
*c1nc(nc(n1)Oc1c2c(ccc1C(=O)Oc1c3C(=O)c4c(C(=O)c3ccc1)c(ccc4)OC(=O)c1c(c3c(cc1)cccc3)O*)cccc2)N1CCCCC1,1.176
*c1nc(nc(n1)Oc1cc2c(cc1C(=O)Nc1ccc(cc1)Cc1ccc(cc1)NC(=O)c1cc3c(cc1O*)cccc3)cccc2)Nc1cc2c(cc1)cccc2,1.16
*NC(=O)C(C(=O)NCCCCCC*)CCCCCCCCCCCCCC,0.993
*Nc1cc(ccc1)C=CC(=O)C=Cc1cc(ccc1)NC(=O)CCCCC(=O)*,1.19
*OC(=O)CCCCCCCCC(=O)OCCCCCC*,1.0686
*C1C2C3C(C=CC3)C(C1*)C2,1.03
*n1c(=O)c2cc3c(cc2c1=O)c(=O)n(c3=O)c1cc(c(c(c1)C)c1c(cc(cc1C)*)C)C,1.323
*Oc1ccc(cc1)NC(=O)c1ccc(cc1)C(=O)Nc1ccc(cc1)*,1.37
*SCCCCCCCCC(=O)NCc1ccc(cc1)CNC(=O)CCCCCCCC*,1.127
*SCCCCCCCCC(=O)NCCc1ccc(cc1)CCNC(=O)CCCCCCCC*,1.106
*Nc1ccc(cc1)NC(=O)c1cc(ccc1)C(=O)*,1.246
*NC(=O)CCc1ccc(cc1)CCC(=O)NCCCCCCCC*,1.151
*OC(=O)Nc1ccc(cc1)Cc1ccc(cc1)NC(=O)OCCCCCC*,1.423
*c1cc2c(C(=O)N(C2=O)c2ccc(cc2)Oc2ccc(cc2)N2C(=O)c3c(C2=O)cc(cc3)C(=O)Oc2ccc(cc2)OC(=O)*)cc1,1.5125
*C(C*)OC(=O)c1cnccc1,1.296
*Oc1ccc(cc1)S(=O)(=O)c1ccc(cc1)Oc1c(cc(c(c1)C)C(c1c(cc(c(c1)C(C)C)*)C)c1c(cccc1)C(=O)O)C(C)C,1.17
*Oc1ccc(cc1)c1ccc(cc1)OC(=O)CCCCCCC(=O)*,1.253
*N1C(CC(C1)O)C(=O)*,1.4
*c1sc(cc1CCCCCCCC)c1sc(c(c1)CCCCCCCC)c1sc(cc1)*,1.04
*c1cc2c(C(=O)N(C2=O)c2ccc(cc2)C(c2ccc(cc2)C(c2ccc(cc2)N2C(=O)c3c(C2=O)cc(cc3)C(=O)*)(C)C)(C)C)cc1,1.27
*NC(=O)CCCCCCCCC*,1.0562
*OC(C*)CS(=O)(=O)C(C)C,1.291
*Oc1cc(ccc1)Oc1ccc(cc1)S(=O)(=O)c1ccc(cc1)Oc1ccc(cc1)C(=O)c1ccc(cc1)*,1.32
*Oc1ccc(cc1)C(c1ccc(cc1)Oc1ccc(cc1)C(=O)c1ccc(cc1)C(c1ccc(cc1)C(=O)c1ccc(cc1)*)(C(F)(F)F)C(F)(F)F)(C(F)(F)F)C(F)(F)F,1.401
*[Si](*)(c1ccccc1)c1ccccc1,1.309
*N1C(=O)c2c(C1=O)cc(cc2)Oc1ccc(cc1)Oc1cc2c(C(=O)N(C2=O)c2ccc(cc2)c2ccc(cc2)*)cc1,1.375
*Oc1c(cc(cc1)C1(CCCCC1)c1cc(c(cc1)OC(=O)*)C)C,1.22
*C(C*)C(=O)SC(CC)C,1.379
*N1C(CCC1)C(=O)NCC(=O)NCC(=O)*,1.37
*C(C*)c1ccc(cc1)OC(C)(C)C,1
*c1oc(nn1)CCCCCCCCCC*,1.22
*C(C*)c1ccc(cc1)Cl,1.194166667
*C(C*)(C(=O)OC)Cl,1.49
*OS(=O)(=O)c1c(ccc(c1)S(=O)(=O)Oc1ccc(cc1)C1(CCCC1)c1ccc(cc1)*)C,1.353
*C(C*)(CC(=O)OCCCC)C(=O)OCCCC,1.1
*OC(*)C,1.14
*N1C(=O)c2c(C1=O)c(ccc2)Oc1c(cc(cc1C)Cc1cc(c(c(c1)C)Oc1c2c(C(=O)N(C2=O)c2ccc(cc2)Oc2ccc(cc2)c2ccc(cc2)Oc2ccc(cc2)*)ccc1)C)C,1.226
*C(C*)(C(=O)OCCO)C,1.25
*C(C*)N1C(=O)CCC1,1.094541667
*OC(C*)C(C)C,1.07
*Oc1ccc(cc1)S(=O)(=O)c1ccc(cc1)Oc1c(cc(cc1)C1(CCCCC1)c1cc(c(cc1)*)C)C,1.227
*c1cc2c(C(=O)N(C2=O)c2ccc(cc2)Oc2ccc(cc2)C(c2ccc(cc2)Oc2ccc(cc2)N2C(=O)c3c(C2=O)cc(cc3)C(*)(C(F)(F)F)C(F)(F)F)(C(F)(F)F)C(F)(F)F)cc1,1.434
*Oc1cc2c(cc1)cc(cc2)OC(=O)c1ccc(cc1)NC(=O)c1ccc(cc1)C(=O)*,1.26
*N1C(=O)c2c(C1=O)cc(cc2)Oc1ccc(cc1)C(c1ccc(cc1)Oc1cc2c(C(=O)N(C2=O)c2cc(ccc2)*)cc1)(C)C,1.272636364
*Oc1ccc(cc1)S(=O)(=O)c1ccc(cc1)Oc1ccc(cc1)C(c1ccc(cc1)*)c1c(cccc1)C(=O)O,1.314
*Nc1ccc(cc1)C(c1ccc(cc1)NC(=O)c1cc(cc(c1)C(C)(C)C)C(=O)*)(C(F)(F)F)C(F)(F)F,1.30065
*N1C(=O)c2c(C1=O)cc(cc2)Oc1cc2c(C(=O)N(C2=O)CCCCCCCCCC*)cc1,1.25
*Oc1c(cc(cc1)C1(CCCCC1)c1cc(c(cc1)OC(=O)*)Cl)Cl,1.29
*c1ccc(cc1)/C=C/c1c(cc(c(c1)CCCCCCCCC)/C=C/*)CCCCCCCCC,0.99
*Oc1c(cc(cc1)C(=O)*)CCCCCCCCCC,1.155
*OCCCCCC*,1.008333333
*[Si](*)(C)C,0.971
*C(C*)(C(=O)OCCO[N+](=O)[O-])C,1.418
*n1c(=O)c2cc3c(cc2c1=O)c(=O)n(c3=O)c1ccc(cc1)S(=O)(=O)c1ccc(cc1)*,1.43
*OC(C*)CS(=O)(=O)CCC,1.292
*c1sc(cc1C=Cc1ccccc1)c1sc(c(c1)OCCCCCCCCCC)c1sc(cc1OCCCCCCCCCC)*,0.23
*Oc1ccc(cc1)C1(c2ccccc2-c2ccccc12)c1ccc(cc1)OC(=O)c1ccc(cc1)C(=O)*,1.376
*C(C*)OC(C)C,0.926333333
*Oc1c(c2c(cc1)cc(cc2)C(=O)*)c1ccccc1,1.3
*c1cc2c(C(=O)N(C2=O)c2ccc(cc2)OC(COc2ccc(cc2)N2C(=O)c3c(C2=O)cc(cc3)C(*)(C(F)(F)F)C(F)(F)F)C)cc1,1.4006
*C(=CCC*)CCC,0.95
*NCC*,1.1525
*Oc1ccc(cc1)c1ccc(cc1)OC(=O)CCCCCCCC(=O)*,1.224
*NC(=O)CCCCCCCCCCCCCCCC(=O)NCc1ccc(cc1)C*,1.08
*NC(C(=O)*)CCC(=O)OC,1.319357143
*/C(=C/CC*)/Cl,1.251
*NNC(=O)c1ccc(cc1)NC(=O)c1ccc(cc1)C(=O)Nc1ccc(cc1)C(=O)NNC(=O)c1ccc(cc1)C(=O)*,1.51
*NC(=O)c1ccc(cc1)C(=O)NCCCCCCCCCCCCCCCCCC*,1.067
*OC(=O)c1c2c(c(cc1)C(=O)OCC*)cccc2,1.36
*OC(=O)NCCCCNC(=O)OCCCCCC*,1.1925
*OC(=O)CCCCCCCCCCCCCCCCC(=O)OCCC*,1.0595
*Nc1ccc(cc1)c1ccc(cc1)NC(=O)c1ccc(cc1)C(=O)*,1.46
*N1C(=O)c2c(C1=O)cc(cc2)C(=O)Nc1ccc(cc1)S(=O)(=O)c1ccc(cc1)NC(=O)C*,1.329
*n1c(=O)c2cc3c(cc2c1=O)c(=O)n(c3=O)c1ccc(cc1)c1ccc(cc1)*,1.487215
*c1nc(nc(n1)Oc1cc2c(cc1)cc(cc2)C(=O)Oc1ccc(cc1)C(c1ccc(cc1)OC(=O)c1cc2c(cc1)cc(cc2)O*)(C)C)N1CCN(CC1)C,1.144
*C(C*)C(=O)OCC(C)C,1.0335
*N1C(=O)c2c(C1=O)cc(cc2)c1cc2c(C(=O)N(C2=O)c2c(cc(cc2)*)C)cc1,1.38374
*C=CCCC*,0.86
*NC(C(=O)*)CCC(=O)OCCCCC,1.11
*C(C*)C=C(C)C,0.86
*N1C(=O)c2c(C1=O)cc(cc2)c1cc2c(C(=O)N(C2=O)c2ccc(cc2)Oc2cc(ccc2)Oc2ccc(cc2)*)cc1,1.38
*c1oc2cc3c(cc2n1)nc(o3)c1ccc(cc1)*,1.642
*NC(=O)C(C*)(CC)C,1.133
*N1C(=O)c2c(C1=O)c(ccc2)Oc1ccc(cc1)C(c1ccc(cc1)Oc1c2c(C(=O)N(C2=O)c2ccc(cc2)Oc2ccc(cc2)c2ccc(cc2)Oc2ccc(cc2)*)ccc1)(C(F)(F)F)C(F)(F)F,1.348
*c1cc2c(C(=O)N(C2=O)c2ccc(cc2)c2ccc(cc2)N2C(=O)c3c(C2=O)cc(cc3)C(=O)*)cc1,1.389025
*C1C(=O)OC(=O)C1C(C*)c1ccccc1,1.286
*C1C(=O)N(C(=O)C1C(C*)c1ccccc1)CCCCCCCCCCCCCCCCCC,1.016
*C1CC2CC(CC(C1)O2)OC(=O)NC1CCC(CC1)CC1CCC(CC1)NC(=O)O*,1.259
*OC(=O)CCCCCCCCC(=O)OCCC*,1.215
*N1C(=O)c2c(C1=O)cc(cc2)Oc1cc2c(C(=O)N(C2=O)c2ccc(cc2)*)cc1,1.414
*Oc1cc2c(cc1)cc(cc2)Oc1ccc(cc1)S(=O)(=O)c1ccc(cc1)Oc1ccc(cc1)C(=O)c1ccc(cc1)*,1.32
*SCCC*,1.182857143
*Oc1ccc(cc1)C(c1ccc(cc1)OC(=O)c1c(cccc1)C=Cc1ccc(cc1)C=Cc1c(cccc1)C(=O)*)(C)C,1.128
*C=C*,1.16
*NC(=O)CC(CCC(=O)NCCCCCC*)C,1.094
*OC(=O)c1ccc(cc1)c1ccc(cc1)C(=O)OCCOCCOCCOCC*,1.25
*Oc1ccc(cc1)NC(=O)c1cc(cc(c1)C(C)(C)C)C(=O)Nc1ccc(cc1)Oc1ccc(cc1)C(c1ccc(cc1)*)(C)C,1.44
*c1nc2c(c(c1)c1ccc(cc1)Oc1ccc(cc1)c1cc(nc3c1cccc3)c1ccc(cc1)Oc1ccc(cc1)*)cccc2,1.3
*Oc1c(cc(cc1)S(=O)(=O)c1cc(c(cc1)Oc1ccc(cc1)C(c1ccc(cc1)*)(C)C)[N+](=O)[O-])[N+](=O)[O-],1.353
*NC(=O)Cc1ccc(cc1)CC(=O)NCCCCCCCCCC*,1.13
*/C=C/C(C*)CC,0.97
*N1C(=O)c2c(C1=O)cc(cc2)c1cc2c(C(=O)N(C2=O)c2c(cc(cc2C)c2cc(c(c(c2)C)*)C)C)cc1,1.266
*c1cc2c(C(=O)N(C2=O)c2c(cc(cc2)c2cc(c(cc2)NC(=O)*)C)C)cc1,1.306
*N1C(=O)c2c(C1=O)cc(cc2)c1cc2c(C(=O)N(C2=O)c2ccc(cc2)Oc2ccc(cc2)C(c2ccc(cc2)Oc2ccc(cc2)*)(C)C)cc1,1.28424
*NC(=O)CCCCCC*,1.1281
*C(C*)(C(=O)OCc1c(cc(cc1)Cl)Cl)C,1.543
*C(C*)(CC(=O)OCc1ccccc1)C(=O)OCc1ccccc1,1.21
*OC(=O)CCCCCC*,1.076
*Oc1ccc(cc1)NC(=O)c1cc2c(cc1)cc(cc2)C(=O)Nc1ccc(cc1)Oc1ccc(cc1)C(c1ccc(cc1)*)(C(F)(F)F)C(F)(F)F,1.63
*N=P(*)(Oc1ccc(cc1)C)Oc1ccc(cc1)C,1.287
*NC(=O)CCCCCCCCCCC(=O)NCCCCCCCCCC*,1.1985
*Oc1ccc(cc1)C(c1ccc(cc1)Oc1ccc(cc1)C(=O)c1ccc(cc1)*)c1c(cccc1)C(=O)O,1.153
*NC(=O)CCCCC*,1.144707576
*OC(C*)CCCC,0.9475
*=C=C=C(C(=*)CO)CO,1.2268
*c1cc2c(C(=O)N(C2=O)c2ccc(cc2)Sc2ccc(cc2)N2C(=O)c3c(C2=O)cc(cc3)C(*)(C(F)(F)F)C(F)(F)F)cc1,1.4373
*C(C*)(C(=O)OCC)C,1.105642857
*NC(=O)CCCCCCCCCCCC*,1.029
*Oc1ccc(cc1)OC(=O)c1cc(cc(c1)OCCCCCCCCCCC(C(C(C(C(C(C(C(C(C(F)(F)F)(F)F)(F)F)(F)F)(F)F)(F)F)(F)F)(F)F)(F)F)(F)F)C(=O)*,1.525
*Oc1cc(c(cc1)S(=O)(=O)c1c(cc(cc1)Oc1c(cc(cc1C)C(c1cc(c(c(c1)C)*)C)(C(F)(F)F)C(F)(F)F)C)[Si](C)(C)C)[Si](C)(C)C,1.2
*NC(=O)c1ccc(cc1)C(=O)NCCCCCCCCCCCCCC*,1.115
*n1c(=O)c2cc3c(cc2c1=O)c(=O)n(c3=O)c1ccc(cc1)Sc1ccc(cc1)*,1.44384
*C(C*)(C(=O)OCCOCCOCCO)C,1.24
*Oc1ccc(cc1)C(c1ccc(cc1)Oc1nc(ncn1)*)(C)C,1.15
*Oc1ccc(cc1)C(c1ccc(cc1)OC(=O)*)(C(F)(F)F)C(F)(F)F,1.4785
*N1C(=O)c2c(C1=O)cc(cc2)Oc1ccc(cc1)Oc1cc2c(C(=O)N(C2=O)c2ccc(cc2)S(=O)(=O)c2ccc(cc2)*)cc1,1.4
*n1c(=O)c2cc3c(cc2c1=O)c(=O)n(c3=O)c1ccc(cc1)C(c1ccc(cc1)*)(C(F)(F)F)C(F)(F)F,1.478
*C*,0.925379293
*C(C(CCCCCCCCCC*)Cl)Cl,1.1
*Oc1ccc(cc1)C(c1ccc(cc1)OC(=O)SCCCSC(=O)*)(C)C,1.255
*OCC*,1.168559841
*S(=O)(=O)CCCCCC*,1.29
*c1nc(nc(n1)Oc1c2c(ccc1C(=O)Oc1ccc(cc1)C(c1ccc(cc1)OC(=O)c1c(c3c(cc1)cccc3)O*)(C)C)cccc2)N1CCCCC1,1.155
*c1cc2c(C(=O)N(C2=O)c2ccc(cc2)Oc2ccc(cc2)Oc2ccc(cc2)N2C(=O)c3c(C2=O)cc(cc3)C(=O)Oc2ccc(cc2)OC(=O)*)cc1,1.466666667
*C(C*)(C(=O)OCCCCOc1ccc(cc1)C(=O)Oc1ccc(cc1)OC)C,1.17
*Oc1ccc(cc1)S(=O)(=O)c1ccc(cc1)OCC(COc1c(cc(cc1C)C(c1cc(c(c(c1)C)OCC(C*)O)C)(C)C)C)O,1.277
*NNC(=O)c1cc(ccc1)C(=O)*,1.443
*c1oc(cc1)C(=O)OCCOC(=O)*,1.442083333
*Oc1ccc(cc1)S(=O)(=O)c1ccc(cc1)Oc1ccc(cc1)C(c1ccc(cc1)*)(C(F)(F)F)C(F)(F)F,1.429
*NC(C(=O)*)CCC(=O)O,1.42
*C(C*)c1ccc(cc1)Br,1.408
*c1cc2c(C(=O)N(C2=O)c2ccc(cc2)OCC(COc2ccc(cc2)N2C(=O)c3c(C2=O)cc(cc3)C(=O)*)(C)C)cc1,1.353
*/C=C\*,1.1621
*n1c(=O)c2cc3c(cc2c1=O)c(=O)n(c3=O)c1ccc(cc1)Oc1c(cc(cc1C)C(c1cc(c(c(c1)C)Oc1ccc(cc1)*)C)c1c2c(ccc1)cccc2)C,1.2684
*NC(=O)CCC(=O)NCCCCCCCC*,1.21
*c1cc2c(C(=O)N(C2=O)c2ccc(cc2)S(=O)(=O)c2ccc(cc2)S(=O)(=O)c2ccc(cc2)S(=O)(=O)c2ccc(cc2)N2C(=O)c3c(C2=O)cc(cc3)C(*)(C(F)(F)F)C(F)(F)F)cc1,1.4635
*C(C*)C(=O)N(c1ccc(cc1)Br)O,1.48
*C(C*)C(=O)OCC(O)C,1.184
*NC(=O)CCNC(=O)CCCCCCNC(=O)CCCC*,1.28
*N1C(=O)c2c(C1=O)c(ccc2)c1cc2c(C(=O)N(C2=O)c2cc(c(cc2)c2c(cc(cc2)*)C(F)(F)F)C(F)(F)F)cc1,1.493333333
*N1C(=O)c2c(C1=O)cc(cc2)Oc1ccc(cc1)C(c1ccc(cc1)Oc1cc2c(C(=O)N(C2=O)c2c(cc(cc2C)Cc2cc(c(c(c2)C)*)C)C)cc1)(C)C,1.19
*c1cc2c(C(=O)N(C2=O)c2cc(ccc2)N2C(=O)c3c(C2=O)cc(cc3)C(=O)*)cc1,1.4048975
*C(C*)C(=O)OCCCCCOc1ccc(cc1)C(=O)Oc1ccc(cc1)OC,1.157
*n1c(=O)c2cc3c(cc2c1=O)c(=O)n(c3=O)CC(=O)Nc1ccc(cc1)C1(c2ccccc2-c2ccccc12)c1ccc(cc1)NC(=O)C*,1.2864
*Oc1cc(ccc1)S(=O)(=O)c1ccc(cc1)*,1.3851
*C(C*)OCC(C)(C)C,0.91
*n1c(=O)c2cc3c(cc2c1=O)c(=O)n(c3=O)c1c(c(c(c(c1C)C)*)C)C,1.3819
*C1(c2c(C(=O)O1)cccc2)c1cc(c(cc1)OC(=O)c1ccc(cc1)C(=O)Oc1c(cc(cc1)*)C)C,1.251
*N1C(=O)c2c(C1=O)cc(cc2)c1cc2c(C(=O)N(C2=O)c2ccc(cc2)c2ccc(cc2)*)cc1,1.41893
*c1cc2c(C(=O)N(C2=O)c2c(cc(c(c2C)N2C(=O)c3c(C2=O)cc(cc3)C(*)(C(F)(F)F)C(F)(F)F)C)C)cc1,1.351654545
*OC(=O)c1cc2c(cc1)cc(cc2)C(=O)OCCC*,1.320666667
*S(=O)(=O)c1c(cc(cc1)S(=O)(=O)c1cc(c(cc1)*)S(=O)(=O)O)S(=O)(=O)O,1.75
*Oc1c(cc(cc1C)C(c1cc(c(c(c1)C)OC(=O)*)C)(C)C)C,1.082112
*OC(=O)c1cc(ccc1)C(=O)OCC*,1.375657143
*C(C*)C1CCCCC1,0.948433333
*C(C*)[Si](O[SiH](C)C)(C)C,0.90732
*c1cc2c(C(=O)N(C2=O)c2c3c(ccc2)c(ccc3)N2C(=O)c3c(C2=O)cc(cc3)C(=O)Nc2c(c(cc(c2)C(c2cc(c(c(c2)NC(=O)*)C)C)(C(F)(F)F)C(F)(F)F)C)C)cc1,1.353
*Oc1cc(c(cc1)CCc1ccc(cc1)OCCCCCCCCCCC*)C,1.3
*c1scc(c1)*,1.35
*C(C*)C(=O)N(c1ccc(cc1)I)O,1.55
*C(=C(*)C)C(C)C,0.84
*c1cc2c(C(=O)N(C2=O)c2c(ccc(c2)C(c2cc(c(cc2)OC(=O)C)N2C(=O)c3c(C2=O)cc(cc3)C(*)(C(F)(F)F)C(F)(F)F)(C(F)(F)F)C(F)(F)F)OC(=O)C)cc1,1.435
*N1C(=O)c2c(C1=O)cc(cc2)Oc1ccc(cc1)C(c1ccc(cc1)Oc1cc2c(C(=O)N(C2=O)c2ccc(cc2)Oc2ccc(cc2)C(c2ccc(cc2)Oc2ccc(cc2)*)(C(F)(F)F)C(F)(F)F)cc1)(C(F)(F)F)C(F)(F)F,1.4
*C(C*)n1cncc1,1.07
*NC(=O)CCCCCCCCCCC(=O)NCc1ccc(cc1)C*,1.129
*C(C*)C(=O)C,1.195
*C(C*)c1ccc(cc1)COc1ccc(cc1)CC,1.13
*C(C*)(C(=O)OCCCC)C,1.053878947
*SC(=O)SCCCCCCCCCCCC*,1.109
*NC(=O)CCCCCCCCCCCC(=O)NCCc1ccc(cc1)CC*,1.095
*OC(=O)CCS(=O)(=O)CCS(=O)(=O)CCC(=O)*,1.471
*c1cc2c(C(=O)N(C2=O)c2ccc(cc2)Oc2ncc(cc2)C(=O)Nc2ccc(cc2)NC(=O)c2ccc(nc2)Oc2ccc(cc2)N2C(=O)c3c(C2=O)cc(cc3)C(*)(C(F)(F)F)C(F)(F)F)cc1,1.37
*N1C(=O)c2c(C1=O)cc(cc2)Oc1cc2c(C(=O)N(C2=O)c2ccc(cc2)Cc2ccc(cc2)*)cc1,1.333
*NC(=O)CCCCCCCC(=O)NCCCCCCC*,1.0855
*c1nc(nc(n1)Oc1cc2c(cc1)cc(cc2)C(=O)Oc1ccc(cc1)S(=O)(=O)c1ccc(cc1)OC(=O)c1cc2c(cc1)cc(cc2)O*)N1CCN(CC1)C,1.195
*Oc1ccc(cc1)S(=O)(=O)c1ccc(cc1)Oc1c(cc(cc1)C(c1cc(c(cc1)*)C)(C)C)C,1.213
*C(C*)C1CCCC1,0.957
*OC(=O)C(C*)(CCC)C,1.128571429
*NC(=O)CCCCC(=O)NCCCP(CCC*)c1ccccc1,1.16
*NC(=O)CNC(=O)CCNC(=O)CC*,1.42
*N1C(=O)c2c(C1=O)cc(cc2)Oc1ccc(cc1)Oc1cc2c(C(=O)N(C2=O)c2ccc(cc2)Cc2ccc(cc2)*)cc1,1.341333333
*OC(=O)c1ccc(cc1)C(=O)OCCCc1ccc(cc1)CCC*,1.31
*c1cc2c(C(=O)N(C2=O)c2ccc(cc2)Sc2ccc(cc2)N2C(=O)c3c(C2=O)cc(cc3)C(=O)*)cc1,1.37755
*C(C(CC*)C)C,0.8875
*C=CCC(C*)(C(=O)OC12CC3CC(CC(C1)C3)C2)C(=O)OC12CC3CC(CC(C1)C3)C2,1.128
*Oc1c(cc(cc1)C(=O)*)CCC,1.216666667
*c1oc(cc1)C(=O)OCCCCCCOC(=O)*,1.27
*C(C*)C(=O)N(c1ccc(cc1)C)O,1.37
*C=CC(C(*)C(=O)OC(C)C)C(=O)OC(C)C,1.06
*NC(=O)c1ccc(cc1)C(=O)NCCCCCCCCC*,1.154
*SC*,1.451
*c1nc(nc(n1)Oc1cc2c(cc1)cc(cc2)C(=O)Oc1cc(ccc1)OC(=O)c1cc2c(cc1)cc(cc2)O*)N1CCN(CC1)C,1.189
*c1cc2c(C(=O)N(C2=O)c2ccc(cc2)Oc2ccc(cc2)S(=O)(=O)c2ccc(cc2)Oc2ccc(cc2)N2C(=O)c3c(C2=O)cc(cc3)C(*)(C(F)(F)F)C(F)(F)F)cc1,1.4385
*c1cc2c(C(=O)N(C2=O)c2c(ccc(c2)c2cc(c(cc2)O)N2C(=O)c3c(C2=O)cc(cc3)C(*)(C(F)(F)F)C(F)(F)F)O)cc1,1.438
*C(=O)CC*,1.313222222
*Nc1ccc(cc1)Cc1ccc(cc1)NC(=O)c1cc(ccc1)C(=O)*,1.28
*c1c(cc(c(c1)CCCCCCCCCCCC)*)CCCCCCCCCCCC,0.8224
*C(*)(F)F,2.09090099
*C(C*)(C(=O)OCC#C)C,1.17
*C1C(CC(C1)C=C*)[Si](C[Si](C)(C)C)(C)C,0.93
*C(C*)(c1ccccc1)C,1.060447368
*C(C*)CCCCCCC,0.8418
*c1sc(cc1)*,1.367714286
*OC(C*)C(F)(F)F,1.67
*NC(=O)C(=O)NCCCCCC*,1.246
*c1cc2c(C(=O)N(C2=O)c2ccc(cc2)C(c2ccc(cc2)N2C(=O)c3c(C2=O)cc(cc3)C(=O)*)(C(F)(F)F)C(F)(F)F)cc1,1.437
*NNC(=O)c1cc(ccc1)C(=O)NNC(=O)c1ccc(cc1)C(=O)*,1.452
*C1(c2c(C(=O)O1)cccc2)c1c(cc(c(c1)C)Oc1ccc(cc1)S(=O)(=O)c1ccc(cc1)Oc1c(cc(c(c1)C)*)C)C,1.23
*c1cc2n3C(=O)c4cc5-c6n(C(=O)c5cc4-c3nc2cc1)c1ccc(cc1n6)O*,1.416
*Oc1ccc(cc1)S(=O)(=O)c1ccc(cc1)Oc1c(cc(cc1C)C(c1cc(c(c(c1)C)*)C)(C)C)C,1.1564
*Nc1c2c(ccc1)c(ccc2)NC(=O)c1cc(ccc1)C(=O)*,1.34
*OC1CCC(CC1)OC(=O)CCCCCCCCC(=O)*,1.1326
*C(C*)c1ccc(cc1)COc1c2c(ccc1)cccc2,1.08
*C(C*)OC1C2C3C(CCC3)C(C1)C2,1.08
*Oc1ccc(cc1)C1(CCCCC1)c1ccc(cc1)OC(=O)*,1.200166667
*c1cc2c(C(=O)N(C2=O)c2cc(ccc2)C(=O)OCCOC(=O)*)cc1,1.259
*N1C(=O)c2c(C1=O)cc(cc2)Oc1ccc(cc1)Oc1cc2c(C(=O)N(C2=O)c2cc(c(cc2)Cc2c(cc(cc2)*)C)C)cc1,1.301
*c1sc2c(n1)ccc(c2)*,1.756
*C(C*)(C(=O)OCCCCCC)C,1.0055
*SCCCCCC(=O)NCCc1ccc(cc1)CCNC(=O)CCCCC*,1.148
*C1OC(CCC1)NC(=O)*,1.29
*C(C*)(OC)C,1.02025
*OCC(C*)(CC)CC,0.995
*C(C*)(CC(=O)OCC)C(=O)OCC,1.23
*C(C*)c1cc(ccc1)Br,1.551
*Oc1c(cc(c(c1)C(C)(C)C)Oc1ccc(cc1)C(=O)Nc1c(cc(cc1C)C(c1cc(c(c(c1)C)NC(=O)c1ccc(cc1)*)C)(C)C)C)C(C)(C)C,1.073
*O[Si](CCC(CC[Si](*)(CCC(F)(F)F)C)(F)F)(CCC(F)(F)F)C,1.4
*c1cc2c(C(=O)N(C2=O)c2cc(ccc2)C(=O)c2cc(ccc2)N2C(=O)c3c(C2=O)cc(cc3)C(=O)*)cc1,1.3745
*C(C*)OC(=O)CCCCCCCCC,0.916
*Oc1ccc(cc1)Oc1ccc(cc1)C(=O)C(=O)c1ccc(cc1)*,1.37
*Oc1ccc(cc1)C(c1ccc(cc1)OC(=O)*)(CCC)CCC,1.16
*NC(=O)CCCCCCCCCCCCCCCCC(=O)NCCCCCCCCCCCCCCCCCC*,0.998
*OC(=O)c1ccc(cc1)C(=O)NCCCCCCCCCCCCNC(=O)c1ccc(cc1)C(=O)OCCCCCCCCCCCC*,1.176
*N1C(=O)c2c(C1=O)cc(cc2)Oc1c2c(ccc1)c(ccc2)Oc1cc2c(C(=O)N(C2=O)c2c(cc(cc2C)Cc2cc(c(c(c2)C)*)C)C)cc1,1.225
*Oc1c2c(c(cc1)C(=O)c1ccc(cc1)Oc1ccc(cc1)C(c1ccc(cc1)*)(C(F)(F)F)C(F)(F)F)cccc2,1.121
*C(CC(C*)(F)F)(C(F)(F)F)C(F)(F)F,1.88
*C(C*)Cc1ccccc1,1.051
*Oc1ccc(cc1)SC(=O)Oc1ccc(cc1)C(c1ccc(cc1)OC(=O)Sc1ccc(cc1)*)(C)C,1.26
*OC(=O)c1cc(ccc1)C(=O)OCCCCCC*,1.109
*Oc1ccc(cc1)S(=O)(=O)c1ccc(cc1)Oc1ccc(cc1)S(=O)(=O)c1ccc(cc1)c1ccc(cc1)S(=O)(=O)c1ccc(cc1)*,1.345
*c1cc2c(C(=O)N(C2=O)c2c(cc(cc2C(C)C)C(c2cc(c(c(c2)C(C)C)N2C(=O)c3c(C2=O)cc(cc3)C(*)(C(F)(F)F)C(F)(F)F)C(C)C)(c2ccccc2)C(F)(F)F)C(C)C)cc1,1.18
*C(C*)(C(=O)Oc1c(cccc1C(C)C)C(C)C)C,1.08
*OC(=O)c1cc(ccc1)C(=O)OCCCC*,1.2885
*C(C*)c1ccc(cc1)COc1ccc(cc1)OC,1.14
*OC(=O)CCCCCCCC(=O)OCCCC*,1.1087
*OC(C*)COc1ccccc1,1.25
*Oc1cc(c(cc1)CCc1ccc(cc1)OCCCCCCC*)C,1.3
*c1cc2c(C(=O)N(C2=O)c2cc(ccc2)C(=O)Nc2ccc(cc2)C(c2ccc(cc2)NC(=O)c2cc(ccc2)N2C(=O)c3c(C2=O)cc(cc3)C(*)(C(F)(F)F)C(F)(F)F)(C(F)(F)F)C(F)(F)F)cc1,1.427
*C(C*)(C(=O)OCC)Cl,1.39
*C(C*)OC(=O)c1ccc(cc1)C(C)C,1.145
*OC(C*)CCCCCCCCCC,0.862
*c1n(c(nn1)CCCCCCCC*)N,1.12
*/C=C/CCCCC*,1.0295
*NC1CC(CC(C1)(CNC(=O)CCCCC(=O)*)C)(C)C,1.08
*C(C*)CC1CCCCC1,0.926
*c1cc2-c3n(c4ccc(cc4n3)Oc3cc4n5c(-c6ccc(cc6C5=O)C(=O)Oc5ccc(cc5)C(c5ccc(cc5)OC(=O)*)(C)C)nc4cc3)C(=O)c2cc1,1.315
*NC(C(=O)*)Cc1c[nH]cn1,1.55
*c1cc2c(C(=O)N(C2=O)c2ccc(cc2)Cc2ccc(cc2)N2C(=O)c3c(C2=O)cc(cc3)C(CCCCC(*)(C)C)(C)C)cc1,1.1905
*C=CC(C(*)C(=O)O)CN,1.84
*c1c2c(c(s1)*)OCCO2,1.69
*N=P(*)(C)C,1.267
*Oc1c(cc(cc1C)*)C,1.068224
*C(=C*)c1ccccc1,1.156
*OC(=O)Nc1c(ccc(c1)NC(=O)OCCN(CC*)c1ccc(cc1)N=Nc1ccc(cc1)C=Cc1nc2c(n1CC)cc(cc2)[N+](=O)[O-])C,1.22
*n1c(=O)c2cc3c(cc2c1=O)c(=O)n(c3=O)c1c(cc(c(c1C)*)C)C,1.292975
*n1c(=O)c2cc3c(cc2c1=O)c(=O)n(c3=O)c1ccc(cc1)Oc1ccc(cc1)C(c1ccc(cc1)Oc1ccc(cc1)*)(C(F)(F)F)C(F)(F)F,1.43316
*Oc1c(cc(c(c1)C(C)(C)C)Oc1ccc(cc1)C(=O)Nc1c(cc(cc1)C(c1cc(c(cc1)NC(=O)c1ccc(cc1)*)C)(C)C)C)C(C)(C)C,1.098
*C(C*)C,0.897056904
*C(C(CCC*)Cl)Cl,1.4
*C(C*)C(=O)OC(CC)C,1.2315
*OC(*)CCC#N,1.19
*NC(C(=O)*)CCCNC(=O)c1ccc(cc1)Cl,1.33
*NC(=O)CCCCC(=O)NCCCP(=O)(CCCC*)C,1.15
*C1C2CC(C(C1*)C2)[Si](C)(C)C,0.883
*Oc1ccc(cc1)C(c1ccc(cc1)Oc1ccc(cc1)C(=O)c1c(cccc1)c1c(cccc1)C(=O)c1ccc(cc1)*)(C(F)(F)F)C(F)(F)F,1.307
*OC(=C)CC(=O)*,1.381666667
*N1CCN(CC1)C(=O)CC/C=C/CCC(=O)*,1.28
*C1=CC(=C(C#N)C#N)C=C(O1)C=Cc1sc(cc1)N(CCOC(=O)Nc1c(ccc(c1)NC(=O)OCCN(c1sc(cc1)C=C*)C)C)C,1.29
*Oc1ccc(cc1)c1ccc(cc1)OC(=O)c1c(cc(c(c1)C(=O)OCCCCCCCCCCCCCCCCCC)C(=O)*)C(=O)OCCCCCCCCCCCCCCCCCC,1.07
*c1cc2c(C(=O)N(C2=O)c2c(c(c(c(c2C)C)N2C(=O)c3c(C2=O)cc(cc3)C(*)(C(F)(F)F)C(F)(F)F)C)C)cc1,1.325928571
*Oc1ccc(cc1)Oc1ccc(cc1)S(=O)(=O)c1ccc(cc1)Oc1ccc(cc1)C(=O)c1ccc(cc1)*,1.32
*OC(=O)C1CCC(CC1)C(=O)OCC1CCC(CC1)C*,1.14
*c1nc(nc(n1)Oc1c(cccc1)C(=O)OCCOCCOC(=O)c1c(cccc1)O*)N(CC)c1ccccc1,1.122
*c1cc2c(C(=O)N(C2=O)c2ccc(cc2)OCCOc2ccc(cc2)N2C(=O)c3c(C2=O)cc(cc3)C(*)(C(F)(F)F)C(F)(F)F)cc1,1.4034
*c1c2c(c(s1)C=C*)OC(CO2)CCCCCC,1.24
*Oc1c(cc(cc1Br)C(c1cc(c(c(c1)Br)OC(=O)*)Br)(C)C)Br,1.595
*C1(c2c(C(=O)N1)cccc2)c1ccc(cc1)Oc1ccc(cc1)C(=O)c1ccc(cc1)Oc1ccc(cc1)*,1.25
*Oc1c(cc(cc1)Oc1ccc(cc1)C(=O)c1ccc(cc1)*)c1ccccc1,1.17
*c1nc(nc(n1)Oc1c(cccc1)C(=O)Oc1ccc(cc1)C1(c2c(C(=O)O1)cccc2)c1ccc(cc1)OC(=O)c1c(cccc1)O*)N(CC)c1ccccc1,1.21
*/C(=C/C(C*)C)/C,0.96
*c1cc2c(C(=O)N(C2=O)c2cc(cc(c2)C(=O)O)N2C(=O)c3c(C2=O)cc(cc3)C(=O)*)cc1,1.445733333
*NC(C(=O)*)Cc1ccccc1,1.18
*Oc1ccc(cc1)C(c1ccc(cc1)OC(=O)N(c1ccc(cc1)S(=O)(=O)c1ccc(cc1)N(C(=O)*)C)C)(C)C,1.27
*NC(=O)C(C(=O)NCCCCCC*)CCCCCCC,1.021
*NC(=O)CCCCCCCCC(=O)NCCc1ccc(cc1)CC*,1.139
*OC(=O)CCCCCCCCCCCCCCCCC(=O)OCCCCCCCCCC*,1.047
*C(C*)(C(=O)OCC(C(C(C(F)F)(F)F)(F)F)(F)F)F,1.7588
*Oc1ccc(cc1)C(c1ccc(cc1)Oc1ccc(cc1)C(=O)c1cc(ccc1)c1cc(ccc1)C(=O)c1ccc(cc1)*)(C(F)(F)F)C(F)(F)F,1.334
*N1C(=O)c2c(C1=O)cc(cc2)c1cc2c(C(=O)N(C2=O)c2cc(c(c(c2)C(=O)OCCCCCCCCCCCCCC)c2c(cc(cc2Br)*)C(=O)OCCCCCCCCCCCCCC)Br)cc1,1.212
*Oc1c(cc(cc1)C(=O)*)CCCCCCCCCCCCCCCC,1.155
*N1C(=O)C2CC3C(C2C1=O)CC(=O)N(C3=O)c1ccc(cc1)Oc1ccc(cc1)*,1.357
*Oc1ccc(cc1)Oc1ccc(cc1)C(=O)c1ccc(cc1)Oc1ccc(cc1)C(=O)c1ccc(cc1)*,1.396
*C(C*)(C(=O)OC(C)C)C,1.0315
*NC(=O)CCC(=O)NCCCC*,1.28
*=C=C=C(C(=*)CCCCOC(=O)NCC)CCCCOC(=O)NCC,1.17
*NC(C(=O)*)CC(=O)OCc1ccccc1,1.2894
*OC(=O)CN(c1ccc(cc1)N=Nc1ccc(cc1)S(=O)(=O)CCC*)CCCC,1.2
*N1C(=O)c2c(C1=O)cc(cc2)Oc1ccc(cc1)C(c1ccc(cc1)Oc1cc2c(C(=O)N(C2=O)c2ccc(cc2)Cc2ccc(cc2)*)cc1)(C)C,1.28
*OC(=O)NCCCCCCNC(=O)OCCCCC*,1.32
*NC(C(=O)*)C(Cc1ccccc1)c1c[nH]cn1,1.09
*Oc1ccc(cc1)C(=C(Cl)Cl)c1ccc(cc1)OC(=O)*,1.39
*NC(=O)CCCCCCCC(=O)NCCc1ccc(cc1)CC*,1.14
*Oc1ccc(cc1)c1ccc(cc1)Oc1ccc(cc1)C(=O)c1cc(ccc1)C(=O)c1ccc(cc1)*,1.374
*NC(C(=O)*)CCC(=O)OCCCCCCCCCCCC,1.01
*c1cc2c(C(=O)N(C2=O)c2c3c(ccc2)c(ccc3)N2C(=O)c3c(C2=O)cc(cc3)C(*)(C(F)(F)F)C(F)(F)F)cc1,1.426
*C1OC(C(C(C1N)O)O*)CO,1.076
*Oc1ccc(cc1)C1(c2ccccc2-c2ccccc12)c1ccc(cc1)Oc1ccc(cc1)C(=O)c1c(cccc1)c1c(cccc1)C(=O)c1ccc(cc1)*,1.219
